cutoff,rss,N_grid,N_low,N_high,share_low,share_high,b_low,se_low,t_low,p_low,b_high,se_high,t_high,p_high,sign_ok
-.0072622258820596,1.9151118,1060,213,847,.2009434,.79905659,2.0540192,2.6676137,.76998371,.4414978,.0039423625,.5712871,.0069008432,.99449539,0
-.0071313996004968,1.9149489,1060,213,847,.2009434,.79905659,2.0564954,2.6535962,.77498424,.43853861,.0043140789,.57140267,.0075499802,.99397761,0
-.0070438077654198,1.9148437,1060,215,845,.2028302,.7971698,2.0609312,2.6442425,.77940327,.43593308,.0046074037,.57148314,.0080621867,.99356902,0
-.0068460179337776,1.9146012,1060,216,844,.20377359,.79622644,2.0701535,2.6230736,.78920907,.43018347,.005273066,.57166344,.009224074,.99264228,0
-.0064835198497914,1.9142019,1060,216,844,.20377359,.79622644,2.0805025,2.584738,.80491811,.421065,.0063716224,.57199454,.011139305,.99111462,0
-.0064212143072147,1.914139,1060,217,843,.20471698,.79528302,2.0858476,2.5779724,.80910391,.41865462,.0066252528,.57205182,.011581562,.99076188,0
-.0064202003790331,1.914138,1060,219,841,.20660378,.79339623,2.0859423,2.5778627,.80917507,.4186137,.006629481,.57205272,.011588934,.99075598,0
-.0061349038607153,1.9138498,1060,219,841,.20660378,.79339623,2.1158285,2.5477891,.83045667,.40648583,.0078445384,.57230693,.013706873,.98906666,0
-.0060369251377921,1.913754,1060,220,840,.20754717,.79245281,2.1260703,2.5373309,.83791602,.40228513,.0082628792,.57239652,.014435585,.98848546,0
-.0057252015644164,1.9134561,1060,222,838,.20943396,.79056603,2.1572416,2.5042675,.86142612,.38921717,.0095830373,.57268178,.016733617,.98665261,0
-.0055878322287616,1.9133273,1060,223,837,.21037737,.78962266,2.1697981,2.4897876,.87147927,.38370907,.010148463,.57280666,.017717084,.98586822,0
-.0055500500420036,1.9132923,1060,223,837,.21037737,.78962266,2.1731331,2.4858296,.87420839,.38222206,.010301853,.57284099,.017983792,.98565549,0
-.0054940639543952,1.9132397,1060,225,835,.21226415,.78773582,2.1775928,2.479902,.87809628,.38010982,.01051921,.57289284,.018361565,.98535419,0
-.005480924606977,1.9132282,1060,226,834,.21320754,.78679246,2.1785274,2.4785435,.87895465,.37964445,.010569751,.57290536,.018449385,.98528415,0
-.0053918860984328,1.9131505,1060,226,834,.21320754,.78679246,2.1849163,2.4695845,.8847304,.37652221,.010909888,.57299167,.019040223,.98481297,0
-.0053179040338018,1.9130892,1060,227,833,.21415095,.78584903,2.1908898,2.462147,.88982898,.37377927,.011205204,.57306337,.019553168,.98440385,0
-.0051644133567784,1.9129605,1060,229,831,.21603774,.78396225,2.2018142,2.4467893,.89987898,.36840895,.011789919,.57321095,.020568203,.98359436,0
-.0051162374530216,1.9129164,1060,230,830,.21698113,.78301889,2.2060456,2.4420073,.90337384,.36655274,.011990873,.57325751,.020917082,.98331612,0
-.0048612019319024,1.9126824,1060,231,829,.21792454,.78207546,2.226964,2.4166343,.92151469,.35701185,.013036798,.57350564,.02273177,.98186892,0
-.0048364082406315,1.9126594,1060,232,828,.21886793,.7811321,2.2288537,2.4141741,.92323655,.35611448,.013136999,.5735296,.022905529,.98173034,0
-.0048211130535257,1.9126451,1060,232,828,.21886793,.7811321,2.2300768,2.4126637,.92432135,.35554984,.01320044,.57354456,.023015544,.9816426,0
-.0046343795741184,1.9124713,1060,233,827,.21981132,.78018868,2.2437861,2.3945565,.93703622,.34897414,.013950109,.57373041,.024314746,.98060656,0
-.0044497550076977,1.9123052,1060,234,826,.22075471,.77924526,2.2563424,2.3766401,.94938332,.34266314,.014673422,.57391369,.025567297,.97960776,0
-.0044171376242293,1.912276,1060,236,824,.22264151,.77735847,2.2584898,2.373456,.95156169,.34155735,.014806679,.57394701,.025797991,.97942382,0
-.0042931582073201,1.9121677,1060,237,823,.22358491,.77641511,2.2663934,2.3613608,.95978278,.3374047,.015316208,.57407302,.026679894,.97872055,0
-.0041613741395404,1.912055,1060,238,822,.2245283,.77547169,2.2747748,2.3484716,.96861917,.33297768,.015857102,.57420814,.027615599,.97797441,0
-.0041297561920727,1.9120282,1060,239,821,.22547171,.77452832,2.2766023,2.3454816,.97063315,.33197394,.015983719,.57424051,.027834537,.97779989,0
-.0037589967044056,1.9117135,1060,240,820,.2264151,.7735849,2.2972238,2.3103089,.99433619,.32030824,.017463785,.57461816,.030391982,.9757607,0
-.0035706491435289,1.9115708,1060,240,820,.2264151,.7735849,2.3050933,2.2931843,1.0051932,.31505555,.018175703,.57480872,.031620435,.97478127,0
-.0032702060396319,1.9113482,1060,242,818,.22830188,.77169812,2.3164258,2.2657564,1.0223632,.30686501,.019336348,.57511818,.033621524,.9731859,0
-.0031892789472208,1.9112881,1060,242,818,.22830188,.77169812,2.3191357,2.2583663,1.0269085,.30472058,.019647921,.57520121,.034158342,.97275794,0
-.0029991717348089,1.9111453,1060,244,816,.23018868,.76981133,2.3264236,2.241271,1.0379931,.29953304,.020379802,.57539529,.035418782,.97175312,0
-.0029593439156327,1.9111168,1060,244,816,.23018868,.76981133,2.3279099,2.2376876,1.0403194,.29845181,.020532602,.57543606,.035681814,.97154343,0
-.0029433850667077,1.9111059,1060,245,815,.23113208,.76886791,2.3285639,2.2362549,1.0412784,.29800692,.020596178,.57545257,.03579127,.97145617,0
-.0027780407069087,1.9109755,1060,247,813,.23301888,.76698112,2.3384602,2.2214656,1.0526655,.29275757,.021347169,.57562673,.037085086,.97042483,0
-.0027762887110874,1.910974,1060,248,812,.23396227,.76603776,2.3385613,2.2213087,1.0527854,.29270265,.021355283,.57562858,.037099063,.97041368,0
-.0026405281109602,1.9108672,1060,248,812,.23396227,.76603776,2.3461776,2.2091672,1.062019,.28849253,.021988746,.57577127,.038190071,.96954405,0
-.0025762594335278,1.9108194,1060,250,810,.23584905,.76415092,2.3498843,2.2034473,1.0664581,.28648308,.022291984,.57583916,.038712174,.96912789,0
-.0024447770317112,1.9107279,1060,250,810,.23584905,.76415092,2.3569851,2.1917803,1.0753747,.28247553,.022911798,.5759781,.039778937,.96827757,0
-.0024444070003321,1.9107276,1060,251,809,.23679246,.76320755,2.3570051,2.1917477,1.0753999,.28246427,.022913542,.57597852,.039781939,.96827519,0
-.0023172454617954,1.910642,1060,252,808,.23773585,.76226413,2.3640132,2.1805193,1.0841515,.27856815,.023512766,.57611525,.040812608,.96745372,0
-.0022789883697969,1.9106175,1060,254,806,.23962264,.76037735,2.3666592,2.1772363,1.0870016,.2773073,.023706354,.5761559,.041145727,.96718824,0
-.0022586957683349,1.9106059,1060,254,806,.23962264,.76037735,2.3679202,2.1754944,1.0884515,.27666733,.023806553,.57617766,.041318078,.96705085,0
-.0022308372063901,1.9105898,1060,256,804,.24150944,.75849056,2.3696058,2.1731095,1.0904217,.27579933,.023943009,.57620764,.041552745,.96686381,0
-.00218057738152,1.9105607,1060,257,803,.24245283,.75754714,2.3724904,2.1688313,1.0939027,.27427033,.024184896,.5762617,.041968599,.96653241,0
-.0021117551854569,1.9105219,1060,258,802,.24339622,.75660378,2.3766313,2.1629734,1.0987797,.27213797,.024521651,.57633656,.042547449,.96607107,0
-.0020554337160682,1.9104896,1060,259,801,.24433963,.75566036,2.3796966,2.1582179,1.1026212,.27046633,.0247894,.57639825,.043007415,.9657045,0
-.0020354115931839,1.9104784,1060,259,801,.24433963,.75566036,2.3807678,2.1565273,1.1039823,.26987574,.024885787,.57642025,.043172993,.96557254,0
-.00187345115588,1.9103935,1060,260,800,.24528302,.75471699,2.3898549,2.1433868,1.11499,.26513201,.025660533,.57659853,.044503298,.96451241,0
-.0018361845309706,1.9103751,1060,261,799,.24622642,.75377357,2.3918509,2.1403921,1.1174827,.26406583,.025838871,.57663989,.044809371,.96426851,0
-.0017779521106917,1.9103451,1060,263,797,.24811321,.75188679,2.3942595,2.1357331,1.121048,.26254603,.026099423,.57670462,.045256134,.96391249,0
-.0017269012749193,1.910321,1060,264,796,.24905661,.75094342,2.3967466,2.1316414,1.1243669,.26113674,.026336582,.57676136,.045662876,.96358842,0
-.0016805921168202,1.9102985,1060,265,795,.25,.75,2.3989863,2.127929,1.1273808,.25986144,.026555078,.57681286,.046037599,.9632898,0
-.001560981482177,1.9102497,1060,265,795,.25,.75,2.4049871,2.1183045,1.1353358,.25651625,.027119568,.57694429,.047005523,.96251851,0
-.0015165624974477,1.9102315,1060,266,794,.25094339,.74905658,2.406589,2.1148541,1.1379457,.2554253,.027314968,.57699317,.047340192,.9622519,0
-.0015121224084189,1.9102298,1060,267,793,.25188679,.74811321,2.4067764,2.1145089,1.1382202,.25531077,.027335122,.576998,.047374725,.96222436,0
-.0014451909392543,1.9102026,1060,268,792,.25283018,.74716979,2.4095564,2.1093056,1.1423458,.25359336,.027635308,.5770703,.047888983,.96181464,0
-.0013424682078618,1.9101517,1060,270,790,.25471699,.74528301,2.4152076,2.1013267,1.1493727,.25068679,.028132655,.57718182,.048741408,.96113545,0
-.0012829511328151,1.9101253,1060,271,789,.25566038,.74433964,2.4183836,2.0966959,1.1534261,.24902089,.028422346,.57724649,.049237799,.96073997,0
-.0011270223735746,1.9100467,1060,271,789,.25566038,.74433964,2.4247787,2.0846465,1.1631606,.24505159,.029140996,.57741112,.050468367,.95975959,0
-.0011166351769004,1.9100404,1060,273,787,.25754717,.74245286,2.4253705,2.0838466,1.1638911,.24475552,.029192163,.57742202,.050556026,.95968974,0
-.0010562974742448,1.9100027,1060,274,786,.25849056,.74150944,2.4285369,2.0792511,1.1679864,.24310045,.029486915,.57748365,.051061038,.95928746,0
-.0008788079264064,1.9098877,1060,275,785,.25943395,.74056602,2.4383521,2.0657074,1.1803957,.23813343,.030397391,.57766759,.052620906,.95804483,0
-.0008565212029096,1.9098753,1060,275,785,.25943395,.74056602,2.4395709,2.0640028,1.1819611,.23751201,.030510252,.57769078,.052814156,.95789093,0
-.0007367746078397,1.9098051,1060,277,783,.26132074,.73867923,2.4456067,2.0548754,1.1901485,.23428047,.031102626,.57781577,.053827927,.9570834,0
-.0007018798439801,1.9097857,1060,278,782,.26226416,.73773587,2.4472928,2.0522189,1.1925106,.23335396,.031273231,.57785225,.054119769,.95685095,0
-.0006960809572677,1.9097826,1060,279,781,.26320755,.73679245,2.447603,2.0517764,1.1929189,.23319405,.031302232,.57785833,.05416939,.95681143,0
-.0006420509292603,1.9097536,1060,279,781,.26320755,.73679245,2.4507153,2.0476849,1.1968224,.23166943,.03157765,.57791579,.054640573,.9564361,0
-.0006031051066411,1.9097379,1060,281,779,.26509434,.73490566,2.4522047,2.0447283,1.1992815,.23071261,.031761505,.57795757,.054954734,.95618588,0
-.0005043667571071,1.9096992,1060,282,778,.26603773,.73396224,2.4559617,2.0372601,1.2055221,.22829705,.032229524,.57806396,.055754252,.95554912,0
-.000498248015826,1.9096968,1060,282,778,.26603773,.73396224,2.4561899,2.0367975,1.2059077,.22814836,.03225835,.57807064,.055803474,.9555099,0
-.0002465498937727,1.9095951,1060,284,776,.26792452,.73207545,2.4657097,2.0177827,1.2219898,.2220096,.033468809,.5783444,.05787003,.9538641,0
-.0000502725389592,1.9095182,1060,284,776,.26792452,.73207545,2.4721117,2.002964,1.2342267,.2174186,.03439831,.57855523,.059455533,.95260155,0
.0003671782469625,1.9093573,1060,285,775,.26886791,.73113209,2.4760101,1.9726758,1.2551531,.20972674,.036143664,.57897478,.06242701,.95023572,0
.0004168323824078,1.9093405,1060,286,774,.26981133,.73018867,2.4764631,1.9690711,1.2576809,.20881115,.036352675,.57902408,.062782668,.94995254,0
.0004200559939153,1.9093392,1060,287,773,.27075472,.72924531,2.4764802,1.968838,1.2578385,.20875414,.036365833,.5790273,.062805042,.94993472,0
.0004626574113065,1.9093201,1060,289,771,.27264151,.72735852,2.4768944,1.9657633,1.2600166,.2079677,.036543567,.57906902,.063107446,.94969398,0
.0006321042995132,1.9092233,1060,290,770,.2735849,.7264151,2.4813147,1.9535068,1.2701849,.20432465,.037345704,.57923603,.064474069,.94860607,0
.0009053881861198,1.9090699,1060,290,770,.2735849,.7264151,2.4874048,1.9337537,1.286309,.19864345,.038612399,.57950282,.066630214,.94688988,0
.0012492272287059,1.9088928,1060,292,768,.27547169,.72452831,2.4939511,1.9089402,1.3064584,.19170767,.040197156,.57983333,.069325358,.944745,0
.0013270199122088,1.9088532,1060,293,767,.27641508,.72358489,2.4952035,1.9033517,1.3109524,.1901854,.04055528,.57990736,.069934063,.9442606,0
.0015319453873267,1.9087529,1060,293,767,.27641508,.72358489,2.4981029,1.8886415,1.3226984,.18624876,.041491468,.58010119,.071524531,.94299513,0
.0017713732741528,1.9086381,1060,294,766,.2773585,.72264153,2.500195,1.8715448,1.3358991,.18189688,.042552333,.58032429,.073325098,.94156259,0
.00196524508397,1.9085505,1060,296,764,.27924529,.72075474,2.5017262,1.8578442,1.3465747,.17843309,.043412246,.58050305,.074783839,.94040221,0
.0021931161291579,1.9084499,1060,297,763,.28018868,.71981132,2.5023365,1.8419343,1.3585374,.17461038,.044397667,.58071375,.076453619,.93907404,0
.0022561964005478,1.9084233,1060,297,763,.28018868,.71981132,2.5023155,1.8375659,1.3617556,.17359252,.044668183,.58077145,.076911815,.93870962,0
.0025574067959234,1.9082991,1060,299,761,.28207546,.71792454,2.5032406,1.817194,1.3775307,.16866729,.045957237,.58104593,.079093985,.93697423,0
.0027523148486916,1.9082234,1060,299,761,.28207546,.71792454,2.5033033,1.8040839,1.3875759,.16558625,.046785444,.58121961,.080495298,.93586004,0
.0027597337274038,1.9082211,1060,300,760,.28301886,.71698111,2.5035205,1.8035785,1.3880851,.16543117,.046823006,.58122468,.080559224,.9358092,0
.0029259084828075,1.9081695,1060,302,758,.28490567,.71509433,2.5102007,1.7922202,1.4006095,.16165201,.047722131,.58133692,.082090318,.93459189,0
.002999004074243,1.9081485,1060,303,757,.28584906,.71415097,2.5130739,1.7873039,1.4060698,.160025,.048118263,.5813868,.082764626,.93405586,0
.0034488368629524,1.908047,1060,303,757,.28584906,.71415097,2.5288229,1.757231,1.4390953,.15044746,.050539888,.58168906,.086884722,.93078113,0
.0034729633544834,1.9080418,1060,305,755,.28773585,.71226418,2.5294764,1.755634,1.4407767,.14997183,.050665263,.58170557,.087097779,.93061185,0
.0037045272959082,1.9079926,1060,306,754,.28867924,.71132076,2.5350196,1.7403971,1.4565754,.14555858,.051864032,.5818603,.08913485,.92899323,0
.003705461715084,1.9079925,1060,307,753,.28962263,.71037734,2.535038,1.7403359,1.4566371,.14554153,.05186874,.5818609,.089142852,.92898685,0
.0037297821810943,1.9079862,1060,307,753,.28962263,.71037734,2.5355504,1.7387429,1.4582664,.14509217,.051992152,.58187711,.089352466,.92882031,0
.0037858192001279,1.9079738,1060,309,751,.29150942,.70849055,2.5365317,1.7350985,1.4618949,.14409523,.052267119,.58191568,.089819066,.92844963,0
.0037988276926037,1.9079709,1060,309,751,.29150942,.70849055,2.5367444,1.7342601,1.4627242,.14386812,.05233039,.58192503,.089926347,.9283644,0
.0042783561724871,1.9077954,1060,310,750,.29245284,.70754719,2.5487709,1.703319,1.4963555,.13488767,.054926105,.58226931,.094331093,.92486572,0
.0042983919655573,1.9077889,1060,312,748,.29433963,.7056604,2.5491781,1.7020363,1.4977225,.13453202,.055033531,.58228356,.09451329,.924721,0
.0043048502362723,1.9077868,1060,313,747,.29528302,.70471698,2.549336,1.7016311,1.4981719,.13441527,.055068254,.58228815,.094572179,.92467427,0
.0044371820281235,1.9077445,1060,314,746,.29622641,.70377356,2.5523055,1.6933724,1.5072322,.13207808,.055772871,.58238161,.09576688,.92372561,0
.0044457115969579,1.9077418,1060,315,745,.2971698,.7028302,2.5525215,1.6928436,1.5078307,.13192481,.055819176,.58238775,.095845379,.92366326,0
.0044969531036359,1.9077305,1060,315,745,.2971698,.7028302,2.5533445,1.6896706,1.5111493,.13107745,.056084808,.58242488,.096295349,.92330599,0
.004533181842383,1.9077213,1060,316,744,.2981132,.70188677,2.5539763,1.6874276,1.5135324,.13047156,.056273881,.58245093,.096615657,.92305166,0
.0045452358553912,1.9077182,1060,318,742,.30000001,.69999999,2.5541649,1.6866862,1.5143095,.13027447,.056335911,.58245993,.096720658,.92296827,0
.0047112777420844,1.9076847,1060,319,741,.3009434,.69905663,2.5562804,1.6766498,1.5246358,.12767728,.057169043,.58258522,.098129921,.92184949,0
.0049145177302913,1.90764,1060,319,741,.3009434,.69905663,2.5574443,1.6644998,1.5364642,.12475203,.058147632,.58273494,.099784017,.92053652,0
.0049649593379852,1.9076298,1060,320,740,.3018868,.6981132,2.5576847,1.6614896,1.5393926,.12403598,.058390256,.58277214,.10019398,.92021114,0
.0051106978827663,1.9076037,1060,321,739,.30283019,.69716984,2.5580275,1.6528071,1.5476867,.12202527,.059080184,.58287895,.10135927,.91928631,0
.0052059821149067,1.9075856,1060,323,737,.30471697,.695283,2.5581076,1.6471499,1.5530509,.12073853,.05952714,.58294874,.10211386,.91868752,0
.0052459145688017,1.9075794,1060,323,737,.30471697,.695283,2.5580232,1.6447771,1.55524,.12021646,.059719056,.58297873,.1024378,.91843045,0
.0053307767497603,1.9075693,1060,324,736,.30566037,.69433963,2.5576007,1.6397233,1.5597758,.11914041,.060122922,.58304292,.1031192,.91788977,0
.0053488598220246,1.9075677,1060,325,735,.30660376,.69339621,2.5574613,1.6386524,1.56071,.11891972,.060206529,.58305627,.10326024,.91777784,0
.0054022477888687,1.9075656,1060,326,734,.30754718,.69245285,2.5568194,1.6355177,1.5633091,.11830744,.06044374,.58309555,.1036601,.91746062,0
.0054479418366507,1.9075645,1060,327,733,.30849057,.69150943,2.5561898,1.6328363,1.5654904,.11779547,.060646761,.58312887,.10400233,.91718906,0
.0054660014200591,1.9075642,1060,329,731,.31037736,.68962264,2.5559351,1.6317755,1.5663522,.11759369,.060726359,.58314216,.10413646,.91708267,0
.0055527236058915,1.9075608,1060,330,730,.31132075,.68867922,2.5545609,1.6267097,1.5703851,.11665301,.061104476,.58320504,.10477357,.91657722,0
.0057681496031225,1.9075521,1060,330,730,.31132075,.68867922,2.5512183,1.6141708,1.5805132,.11431673,.062067792,.58336377,.10639638,.91528994,0
.0059396719016735,1.9075592,1060,332,728,.31320754,.68679243,2.5473118,1.6041939,1.5879077,.11263446,.062840216,.58349413,.1076964,.9142589,0
.0062828890832901,1.9075695,1060,333,727,.31415093,.68584907,2.5391541,1.5843452,1.602652,.10933843,.064432435,.58375686,.11037546,.91213453,0
.0063424048332199,1.9075719,1060,334,726,.31509435,.68490565,2.5375485,1.5809331,1.6050954,.10879964,.064701609,.58380336,.11082774,.91177595,0
.00634911832867,1.9075723,1060,335,725,.31603774,.68396229,2.5373597,1.5805495,1.6053656,.1087402,.064731881,.58380854,.11087861,.91173565,0
.0064802838685879,1.9075789,1060,335,725,.31603774,.68396229,2.5338452,1.5731238,1.6107093,.10756976,.065328605,.58390909,.11188146,.91094065,0
.0066200287547206,1.9075835,1060,336,724,.31698114,.68301886,2.5300481,1.5652431,1.616393,.10633587,.065960199,.58401519,.11294261,.91009951,0
.0066590852248507,1.9075843,1060,338,722,.31886792,.68113208,2.5289223,1.563043,1.6179481,.10600024,.06613338,.58404499,.11323337,.90986907,0
.0067078223788407,1.9075834,1060,338,722,.31886792,.68113208,2.5277665,1.5603167,1.6200342,.1055513,.066358469,.58408231,.11361151,.90956938,0
.0067116623221803,1.9075834,1060,340,720,.32075471,.67924529,2.5276771,1.5601017,1.6202002,.10551566,.066376172,.58408523,.11364124,.90954584,0
.0069528082316867,1.9075754,1060,341,719,.3216981,.67830187,2.5227079,1.5467103,1.6310152,.10321307,.067494847,.58426827,.1155203,.90805674,0
.0070545209473063,1.9075731,1060,342,718,.32264152,.67735851,2.5204704,1.5411301,1.635469,.10227653,.067961544,.58434916,.11630297,.90743661,0
.0071274405304562,1.9075708,1060,343,717,.32358491,.67641509,2.5188446,1.5371329,1.6386642,.10160884,.068295769,.58440703,.11686336,.90699261,0
.0071386967177658,1.9075705,1060,343,717,.32358491,.67641509,2.5185287,1.536538,1.6390929,.10151952,.068344943,.58441597,.11694571,.90692741,0
.0072484500772669,1.90757,1060,344,716,.32452831,.67547172,2.5153263,1.5307732,1.6431738,.1006724,.068824731,.58450222,.1177493,.90629077,0
.0072502355078592,1.90757,1060,346,714,.32641509,.67358488,2.5152769,1.5306801,1.6432413,.10065843,.068832673,.58450359,.11776261,.90628022,0
.007466975686651,1.907573,1060,347,713,.32735848,.67264152,2.5093522,1.5195014,1.6514313,.098975547,.06979616,.58466977,.11937706,.90500146,0
.0074877511366355,1.9075732,1060,348,712,.32830188,.67169809,2.5087481,1.5184371,1.6521909,.098820604,.069886386,.58468568,.11952812,.90488183,0
.0075077722644658,1.907575,1060,348,712,.32830188,.67169809,2.5080481,1.5174214,1.6528355,.09868928,.069969133,.58470124,.11966648,.90477222,0
.0075468931853671,1.9075779,1060,350,710,.33018869,.66981131,2.5068874,1.5154754,1.6541922,.098413341,.070134498,.58473194,.11994299,.90455323,0
.0075477667849922,1.9075779,1060,351,709,.33113208,.66886795,2.5068622,1.5154324,1.6542224,.098407194,.070138216,.58473265,.11994921,.90454835,0
.0075640900248296,1.9075795,1060,352,708,.33207548,.66792452,2.5063584,1.5146401,1.6547551,.098299019,.070208415,.58474565,.12006659,.90445536,0
.007583732194154,1.9075823,1060,352,708,.33207548,.66792452,2.5057721,1.5136851,1.6554117,.098165803,.070293099,.5847615,.12020814,.90434325,0
.0078034846762504,1.9076171,1060,353,707,.33301887,.66698116,2.4987857,1.5030198,1.6625102,.096734934,.07126265,.58494258,.12182845,.9030602,0
.0078466019114877,1.9076248,1060,355,705,.33490565,.66509432,2.4973519,1.5009308,1.6638688,.096462995,.071449541,.58497787,.12214059,.90281308,0
.0078648216161748,1.9076278,1060,356,704,.33584905,.66415095,2.4966862,1.5000548,1.6643966,.096357487,.071526036,.58499265,.12226827,.90271199,0
.0078935484396677,1.9076329,1060,357,703,.33679244,.66320753,2.4956172,1.4986748,1.6652161,.09619391,.071643881,.58501583,.12246486,.90255636,0
.0080245434312973,1.9076607,1060,357,703,.33679244,.66320753,2.4905779,1.4923929,1.6688486,.095471412,.072170749,.58512187,.1233431,.90186107,0
.0082907238435695,1.9077283,1060,359,701,.33867925,.66132075,2.4810987,1.4796897,1.6767695,.093911104,.073280737,.58533502,.12519452,.90039557,0
.0084600955150093,1.9077703,1060,359,701,.33867925,.66132075,2.4746501,1.4716629,1.6815333,.092982605,.073971637,.58546913,.12634593,.8994844,0
.0086938297939324,1.9078225,1060,361,699,.34056604,.65943396,2.4649253,1.4606713,1.6875291,.091824479,.074881628,.58565313,.12786004,.89828634,0
.0087827954747749,1.907842,1060,361,699,.34056604,.65943396,2.4610584,1.4565063,1.6896998,.091408059,.075219892,.58572274,.12842235,.89784145,0
.0088758356381483,1.9078557,1060,363,697,.34245282,.65754718,2.4576151,1.4521701,1.6923741,.090897128,.075589374,.58579504,.12903723,.89735508,0
.009025274959667,1.9078771,1060,363,697,.34245282,.65754718,2.45207,1.4452379,1.6966549,.090084076,.07617113,.58590943,.13000496,.89658958,0
.0091036475934032,1.9078895,1060,364,696,.34339622,.65660375,2.4491019,1.4416133,1.698862,.089667186,.076472133,.58596915,.13050538,.89619374,0
.0091244565042101,1.9078913,1060,365,695,.34433961,.65566039,2.4483254,1.4406528,1.6994554,.089555353,.076550208,.58598459,.13063519,.8960911,0
.009226937831738,1.9079006,1060,367,693,.34622642,.65377361,2.4441962,1.4359689,1.7021234,.089053974,.076922737,.58606297,.13125336,.89560223,0
.0093084382597449,1.9079105,1060,367,693,.34622642,.65377361,2.4409046,1.4323604,1.7041135,.088681474,.077218883,.58612627,.13174444,.89521384,0
.009317557985307,1.9079114,1060,369,691,.34811321,.65188682,2.4405203,1.4319597,1.7043219,.088642552,.077251107,.58613342,.13179784,.89517164,0
.0094956202053761,1.9079297,1060,370,690,.3490566,.6509434,2.4327331,1.4241927,1.7081487,.087930009,.077871457,.58627057,.13282512,.89435935,0
.0095308112168249,1.9079324,1060,370,690,.3490566,.6509434,2.4312296,1.4226609,1.708931,.087784939,.077994049,.58629739,.13302813,.89419883,0
.0096337818995407,1.9079407,1060,371,689,.34999999,.64999998,2.4266627,1.4182836,1.7109854,.08740484,.07834693,.58637512,.1336123,.89373696,0
.0096813916153067,1.9079448,1060,373,687,.35188678,.64811319,2.4245245,1.416276,1.7119011,.087235868,.078509107,.58641237,.13388038,.89352506,0
.0097203293169159,1.9079494,1060,373,687,.35188678,.64811319,2.422699,1.4146296,1.7126031,.087106481,.078641713,.58644307,.13409948,.89335185,0
.0097208939294599,1.9079494,1060,374,686,.3528302,.64716983,2.4226727,1.4146056,1.7126136,.087104566,.078643657,.58644354,.1341027,.89334929,0
.0098988987914271,1.907974,1060,375,685,.35377359,.64622641,2.4143338,1.4074146,1.715439,.086585455,.079252861,.58658373,.1351092,.89255369,0
.0099084627880971,1.9079753,1060,376,684,.35471699,.64528304,2.4138691,1.407033,1.715574,.086560689,.079284854,.58659124,.13516201,.89251196,0
.0099338892319026,1.9079794,1060,378,682,.35660377,.6433962,2.4126272,1.4060189,1.7159281,.086495839,.079368368,.58661133,.13529974,.89240307,0
.0100890975817125,1.9080012,1060,379,681,.35754716,.64245284,2.4052927,1.3998418,1.7182604,.086069554,.079885781,.58673316,.13615352,.89172828,0
.0101854792001532,1.9080071,1060,379,681,.35754716,.64245284,2.4009414,1.3960123,1.7198567,.085778773,.080208011,.58680737,.13668543,.89130795,0
.0106019023963353,1.9080622,1060,380,680,.35849056,.64150941,2.3822901,1.3795367,1.7268769,.08450947,.081603765,.58712661,.13898836,.88948834,0
.010713394479253,1.9080746,1060,382,678,.36037737,.63962263,2.3777547,1.3752228,1.7289959,.084129311,.081991881,.5872125,.13962898,.88898224,0
.010796706698904,1.9080831,1060,382,678,.36037737,.63962263,2.3746228,1.3720878,1.7306639,.083831079,.082296491,.58727849,.14013197,.88858491,0
.0108658272734548,1.9080904,1060,384,676,.36226416,.63773584,2.3720002,1.3694794,1.7320452,.083584733,.08256118,.58733469,.14056922,.88823956,0
.0108910985068681,1.9080929,1060,385,675,.36320755,.63679248,2.3710465,1.3685263,1.7325547,.08349403,.082657643,.5873552,.14072855,.88811374,0
.0109735454963496,1.9080952,1060,385,675,.36320755,.63679248,2.3684621,1.3654586,1.7345544,.083138749,.083005443,.58742297,.14130439,.88765895,0
.0113127304399036,1.9081173,1060,386,674,.36415094,.63584906,2.357218,1.3528603,1.7423958,.081757456,.084429272,.5877009,.14366026,.88579869,0
.011355229652185,1.9081206,1060,388,672,.36603773,.63396227,2.3557546,1.3512841,1.7433453,.081591479,.084605932,.58773553,.14395238,.88556808,0
.0113768213767218,1.9081234,1060,388,672,.36603773,.63396227,2.3549945,1.3505055,1.7437874,.081514269,.084692322,.58775324,.14409503,.88545549,0
.0114416043577961,1.9081286,1060,389,671,.36698112,.63301885,2.3529077,1.3481628,1.7452698,.081255876,.084970959,.58780903,.14455539,.88509208,0
.0115646491391546,1.908139,1060,390,670,.36792454,.63207549,2.3492086,1.3437924,1.748193,.080748282,.08551269,.58791685,.14545031,.8843857,0
.0115899402124103,1.9081411,1060,392,668,.36981133,.6301887,2.3484375,1.3428938,1.7487887,.080645166,.085627347,.58793938,.14563975,.88423616,0
.0116218673535871,1.908142,1060,392,668,.36981133,.6301887,2.3477218,1.3417821,1.7497042,.080486879,.085783988,.58796841,.14589897,.88403159,0
.0116680366789469,1.9081438,1060,394,666,.37169811,.62830186,2.3466337,1.3401724,1.7509938,.080264352,.086010471,.58801055,.14627369,.88373584,0
.011803715707909,1.9081491,1060,395,665,.3726415,.6273585,2.3436072,1.3355172,1.7548311,.079605214,.08667028,.5881328,.14736515,.88287455,0
.0119330660096965,1.908155,1060,396,664,.3735849,.62641507,2.340626,1.3313303,1.7581106,.079045355,.087296024,.5882479,.14840005,.88205802,0
.0120101886748247,1.9081569,1060,397,663,.37452829,.62547171,2.3388259,1.3288372,1.7600546,.078715004,.087665267,.58831614,.14901048,.88157648,0
.0121324845740829,1.9081683,1060,398,662,.37547171,.62452829,2.3353467,1.3248827,1.7626817,.078270376,.088230729,.5884279,.14994314,.88084078,0
.0123065023867108,1.9081972,1060,399,661,.3764151,.62358493,2.3298399,1.319249,1.7660351,.077705778,.08901982,.58858645,.1512434,.87981528,0
.0123312942313575,1.9082013,1060,399,661,.3764151,.62358493,2.3291233,1.318487,1.7665122,.077625744,.089135513,.58860916,.15143414,.8796649,0
.0125540284421268,1.9082372,1060,401,659,.37830189,.62169814,2.3224447,1.3116491,1.7706296,.076937623,.090161324,.58881247,.153124,.87833244,0
.0127700236603322,1.9082843,1060,402,658,.37924528,.62075472,2.3168604,1.3050253,1.7753376,.076156974,.091215938,.58900499,.15486446,.87696052,0
.0130283586483479,1.9083378,1060,402,658,.37924528,.62075472,2.3141122,1.29707,1.7841076,.074719995,.092669666,.58923173,.15727201,.87506336,0
.0131455292722689,1.9083614,1060,403,657,.38018867,.6198113,2.3122878,1.2934483,1.7876925,.074139006,.09330105,.58933514,.15831578,.87424105,0
.0132619563569389,1.9083902,1060,404,656,.38113207,.61886793,2.3103423,1.289849,1.7911725,.073578581,.093920998,.5894379,.15933993,.87343436,0
.013277592846561,1.9083943,1060,405,655,.38207546,.61792451,2.3100648,1.2893656,1.7916288,.073505357,.094003767,.58945173,.15947661,.87332672,0
.0133324052674661,1.9084095,1060,407,653,.38396227,.61603773,2.3090508,1.287674,1.7931954,.073254429,.094292209,.58949989,.15995288,.87295163,0
.0133861906762627,1.9084247,1060,408,652,.38490567,.61509436,2.3080416,1.2860172,1.7947208,.07301075,.094575167,.58954698,.16042008,.87258375,0
.0134283036283203,1.9084369,1060,409,651,.38584906,.61415094,2.3072424,1.2847196,1.7959112,.072821051,.094795249,.58958387,.16078331,.8722977,0
.0134695756998759,1.9084494,1060,409,651,.38584906,.61415094,2.3064554,1.2834492,1.7970757,.072635852,.095011137,.58962005,.16113961,.87201715,0
.0137287033610402,1.9085205,1060,410,650,.38679245,.61320752,2.3017302,1.2754786,1.8046012,.071448445,.096372515,.58984476,.16338624,.8702485,0
.0137461401012376,1.9085255,1060,412,648,.38867924,.61132073,2.3013921,1.2749474,1.8050878,.071372211,.096464351,.58986002,.1635377,.87012929,0
.0137590990365758,1.9085289,1060,412,648,.38867924,.61132073,2.3011515,1.2745529,1.8054577,.071314305,.096533224,.58987141,.1636513,.87003988,0
.0137793691612696,1.9085343,1060,413,647,.38962263,.61037737,2.3008878,1.273945,1.8061125,.071211919,.096646726,.58988923,.16383877,.86989236,0
.0138170757148096,1.9085469,1060,415,645,.39150944,.60849059,2.3001626,1.2728188,1.8071407,.071051367,.096852116,.5899235,.16417742,.86962581,0
.0138636784741786,1.9085625,1060,415,645,.39150944,.60849059,2.2993965,1.2714533,1.808479,.07084284,.097112738,.5899657,.16460744,.86928743,0
.0138653198374394,1.9085631,1060,416,644,.39245284,.60754716,2.2993691,1.2714056,1.8085253,.070835635,.097122051,.58996725,.1646228,.86927533,0
.013921800368926,1.9085811,1060,417,643,.39339623,.6066038,2.2984021,1.2697641,1.8101017,.07059066,.097440682,.59001905,.16514836,.86886173,0
.0139931262241326,1.9086012,1060,419,641,.39528301,.60471696,2.2975321,1.2677324,1.8123164,.070247672,.097856514,.59008515,.16583456,.86832184,0
.0140363859780675,1.9086131,1060,420,640,.39622641,.60377359,2.2967966,1.2665676,1.8134023,.07008002,.098096468,.59012157,.16623096,.86800998,0
.0140585303263245,1.90862,1060,421,639,.3971698,.60283017,2.2963958,1.2659708,1.8139405,.069997028,.098217338,.59014004,.16643055,.86785299,0
.0140645670062823,1.9086217,1060,421,639,.3971698,.60283017,2.296309,1.2658101,1.8141022,.069972128,.098250762,.59014505,.16648579,.86780953,0
.014214050058454,1.9086628,1060,422,638,.39811322,.60188681,2.2940986,1.2618136,1.8180963,.069359042,.099066652,.59026998,.16783279,.86674994,0
.0142637206482133,1.908677,1060,423,637,.39905661,.60094339,2.2933414,1.2604837,1.8194137,.069157787,.099335201,.59031129,.16827597,.86640143,0
.0144075712427866,1.9087238,1060,425,635,.4009434,.5990566,2.2909839,1.2566286,1.8231193,.068594284,.10010331,.59043086,.16954282,.8654052,0
.0144520442024841,1.9087276,1060,425,635,.4009434,.5990566,2.2908061,1.2553946,1.8247699,.068344504,.10036233,.59046656,.16997124,.86506832,0
.0146477350849318,1.9087511,1060,426,634,.40188679,.59811318,2.2898018,1.2499608,1.8318989,.067274243,.10150298,.5906238,.17185725,.86358577,0
.0146490788230946,1.9087514,1060,427,633,.40283018,.59716982,2.2897942,1.2499236,1.8319473,.06726703,.10151082,.59062487,.17187022,.86357558,0
.0146605332297893,1.9087528,1060,428,632,.40377358,.59622639,2.2897263,1.2496063,1.8323581,.067205779,.10157751,.59063399,.17198047,.86348891,0
.0146749274945241,1.9087545,1060,430,630,.40566039,.59433961,2.2896178,1.2492117,1.8328502,.067132488,.10165973,.59064525,.17211638,.8633821,0
.0147044369442224,1.9087577,1060,430,630,.40566039,.59433961,2.2893798,1.2484043,1.833845,.066984512,.10182767,.5906682,.17239404,.86316389,0
.0149979174243074,1.908772,1060,432,628,.40754718,.59245282,2.2880566,1.2403719,1.8446537,.065393925,.10357329,.59089929,.17528079,.86089575,0
.0150087612943775,1.9087735,1060,432,628,.40754718,.59245282,2.2879581,1.2400826,1.8450046,.065342814,.10363447,.59090793,.17538175,.86081642,0
.0150365987250683,1.9087785,1060,434,626,.40943396,.59056604,2.287674,1.2393405,1.84588,.065215446,.10379004,.59093034,.17563836,.8606149,0
.0151289083815686,1.9087957,1060,435,625,.41037735,.58962262,2.2868118,1.2370312,1.8486291,.06481681,.10430855,.59099603,.17649618,.85994112,0
.0152044807868673,1.9088109,1060,436,624,.41132075,.58867925,2.2861078,1.2351422,1.8508861,.064491048,.10473197,.59104997,.17719647,.85939121,0
.0152447695124588,1.9088194,1060,437,623,.41226414,.58773583,2.2858105,1.234161,1.8521171,.064313956,.10496397,.59107804,.17758057,.85908961,0
.0154206968567144,1.9088581,1060,437,623,.41226414,.58773583,2.2835455,1.2301205,1.856359,.063706726,.10592679,.59119648,.17917357,.85783899,0
.015510339770993,1.9088767,1060,438,622,.41320756,.58679247,2.2823656,1.2280639,1.8585072,.063401029,.10641319,.5912571,.17997788,.85720766,0
.0155271297936979,1.9088804,1060,440,620,.41509435,.58490568,2.2821326,1.2276782,1.8589013,.063345067,.1065041,.59126842,.18012817,.85708976,0
.0156574599491132,1.9089041,1060,441,619,.41603774,.58396226,2.2807126,1.2246853,1.8622844,.062866442,.10724666,.59135824,.18135649,.85612583,0
.0156919470998892,1.9089109,1060,441,619,.41603774,.58396226,2.2802746,1.2238897,1.8631375,.062746242,.10744644,.59138316,.18168668,.85586673,0
.0159218114593186,1.9089581,1060,443,617,.41792452,.58207548,2.2771239,1.2185907,1.8686537,.06197349,.1087656,.59154749,.18386622,.85415697,0
.0160413703778363,1.9089798,1060,443,617,.41792452,.58207548,2.2757311,1.2158633,1.8716998,.06155017,.10945703,.59163254,.18500847,.85326123,0
.0160450811215848,1.9089805,1060,444,616,.41886792,.58113205,2.2756863,1.2157787,1.8717932,.061537236,.10947843,.59163523,.18504381,.85323352,0
.016082353355223,1.9089869,1060,446,614,.42075473,.57924527,2.275269,1.2149317,1.8727547,.061404131,.10969454,.59166157,.18540083,.85295355,0
.016345292077963,1.9090327,1060,446,614,.42075473,.57924527,2.2730474,1.2093523,1.8795578,.060469173,.11126438,.59184432,.18799603,.85091925,0
.0163519683993972,1.9090346,1060,447,613,.42169812,.57830191,2.2729545,1.2092083,1.8797047,.060449123,.11130266,.59184897,.18805923,.85086972,0
.0164915681600187,1.9090735,1060,448,612,.42264152,.57735848,2.2709055,1.2062007,1.8826929,.060042318,.11209127,.59194648,.18936048,.84985006,0
.0165442556269075,1.9090908,1060,450,610,.4245283,.5754717,2.2700319,1.2050589,1.8837519,.059898712,.11238714,.59198356,.18984844,.84946781,0
.0166382062805986,1.9091212,1060,451,609,.42547169,.57452828,2.2681794,1.2030181,1.8854074,.059674744,.11289737,.59205049,.19068876,.84880954,0
.0166480067055035,1.9091243,1060,451,609,.42547169,.57452828,2.2679458,1.2028086,1.8855417,.059656627,.11294814,.59205735,.19077229,.84874409,0
.0166964366432016,1.9091387,1060,453,607,.42735848,.57264149,2.2667556,1.2017708,1.8861796,.059570532,.11319408,.59209156,.19117664,.84842736,0
.0171382353876489,1.9092711,1060,454,606,.4283019,.57169813,2.255136,1.1923831,1.8912847,.05888531,.11539994,.59240013,.19480067,.84558994,0
.0173477944870757,1.9093398,1060,455,605,.42924529,.57075471,2.2494502,1.1879059,1.8936266,.058573183,.1164394,.59254593,.19650696,.84425473,0
.0173744140460834,1.9093498,1060,455,605,.42924529,.57075471,2.248666,1.1873379,1.8938721,.058540534,.11656867,.5925647,.1967189,.84408891,0
.017409725638678,1.9093622,1060,456,604,.43018869,.56981134,2.2475948,1.1865871,1.8941675,.058501285,.11673788,.59258914,.19699632,.84387183,0
.0174147440204455,1.909364,1060,457,603,.43113208,.56886792,2.2474391,1.1864808,1.8942063,.058496129,.11676168,.5925926,.19703531,.84384137,0
.017502087353984,1.9093996,1060,458,602,.43207547,.5679245,2.2443676,1.1846304,1.894572,.058447558,.11715964,.59265405,.19768639,.84333205,0
.0175624244811577,1.90943,1060,460,600,.43396226,.56603771,2.2421207,1.1833451,1.8947312,.05842644,.11743055,.59269679,.19812922,.84298563,0
.0176154731285787,1.909458,1060,461,599,.43490565,.56509435,2.2402058,1.1822087,1.8949326,.058399711,.11767104,.59273487,.19852223,.84267825,0
.0176363451683219,1.9094689,1060,462,598,.43584907,.56415093,2.2394507,1.1817615,1.8950106,.058389373,.11776581,.59274989,.19867706,.84255719,0
.0177633817219229,1.9095341,1060,463,597,.43679246,.56320757,2.2347999,1.1790397,1.8954406,.058332358,.11833221,.59284037,.19960214,.84183377,0
.0178848304201402,1.9095974,1060,464,596,.43773586,.56226414,2.2303295,1.1764293,1.8958466,.058278557,.11887313,.5929268,.20048533,.84114325,0
.0179679751375488,1.9096265,1060,464,596,.43773586,.56226414,2.2280543,1.1746186,1.8968322,.058148157,.11927787,.5929839,.2011486,.84062475,0
.018025500790276,1.9096469,1060,466,594,.43962264,.56037736,2.2264516,1.1733634,1.8974954,.058060557,.11955776,.59302336,.20160717,.84026629,0
.018053014180104,1.9096566,1060,466,594,.43962264,.56037736,2.2257149,1.1727763,1.8978171,.058018088,.11969118,.59304219,.20182572,.84009546,0
.0182322142081642,1.9097233,1060,467,593,.44056603,.55943394,2.2208481,1.1689485,1.8998682,.057747986,.12055801,.59316349,.20324583,.83898568,0
.018505969981554,1.9098328,1060,468,592,.44150943,.55849057,2.2131939,1.163111,1.9028226,.057360798,.12187988,.59334588,.20541118,.83729416,0
.0185669611993218,1.9098573,1060,469,591,.44245282,.55754715,2.2114477,1.1618111,1.9034485,.057279043,.12217205,.59338617,.20588961,.8369205,0
.0186704261194608,1.9098934,1060,471,589,.44433963,.55566037,2.2090995,1.1597041,1.9048821,.057092167,.12270235,.59345555,.20675912,.83624154,0
.0187318866909444,1.9099146,1060,472,588,.44528303,.554717,2.2076659,1.1584548,1.9056989,.056985911,.1230158,.59349662,.20727296,.83584034,0
.0187412125177831,1.9099178,1060,473,587,.44622642,.55377358,2.2074413,1.1582733,1.9058034,.056972329,.12306293,.59350282,.20735021,.83578008,0
.0189199636921622,1.9099804,1060,474,586,.44716981,.55283016,2.2033241,1.1548017,1.9079676,.056691665,.12397971,.59362102,.2088533,.83460677,0
.0191222722850816,1.9100509,1060,474,586,.44716981,.55283016,2.1983438,1.1508631,1.9101697,.056407247,.12499887,.59375536,.21052252,.83330429,0
.0191623315921976,1.9100646,1060,475,585,.4481132,.5518868,2.1973155,1.1500847,1.9105682,.056355909,.12519751,.59378189,.21084766,.83305061,0
.0193304182233118,1.9101166,1060,476,584,.4490566,.55094337,2.1930184,1.146821,1.9122589,.056138534,.12602185,.59389323,.21219616,.83199877,0
.0195825196115418,1.9102012,1060,478,582,.45094341,.54905659,2.186188,1.1419133,1.9144956,.055852022,.12724075,.59405953,.21418858,.83044523,0
.0195910590914212,1.9102042,1060,479,581,.4518868,.54811323,2.1859457,1.1417478,1.9145607,.0558437,.1272826,.59406531,.2142569,.83039194,0
.0198509687051817,1.9102968,1060,479,581,.4518868,.54811323,2.1784434,1.1367075,1.9164503,.055602632,.12855455,.5942415,.21633384,.8287732,0
.0200151730700658,1.9103553,1060,480,580,.4528302,.5471698,2.1734071,1.133528,1.9173827,.055483997,.12933992,.59435332,.21761455,.82777542,0
.0202127423035026,1.9103988,1060,481,579,.45377359,.54622644,2.1689789,1.1296999,1.9199601,.05515717,.13037169,.59448218,.21930297,.82646036,0
.0203051326144286,1.910421,1060,482,578,.45471698,.54528302,2.1662755,1.1279327,1.9205717,.055079866,.13081452,.59454644,.22002406,.82589889,0
.0203994360353782,1.9104439,1060,484,576,.45660377,.54339623,2.1635232,1.126146,1.9211748,.055003714,.1312677,.59461248,.22076178,.82532459,0
.0205035803692005,1.9104728,1060,485,575,.45754716,.54245281,2.1602449,1.1241723,1.9216315,.054946098,.13176036,.59468699,.22156255,.82470125,0
.0205703186284248,1.9104894,1060,485,575,.45754716,.54245281,2.1580782,1.1229131,1.9218568,.054917701,.13206832,.59473366,.22206299,.82431179,0
.0210642271674033,1.910614,1060,487,573,.45943397,.54056603,2.1416254,1.1135683,1.9232098,.054747399,.13432017,.59508061,.22571759,.82146883,0
.0212930469918524,1.9106715,1060,487,573,.45943397,.54056603,2.1338012,1.1092311,1.9236759,.05468883,.13534844,.5952397,.22738476,.82017267,0
.0214867459459496,1.9107187,1060,489,571,.46132076,.53867924,2.1280954,1.1057237,1.9246176,.054570649,.13628331,.59536874,.22890571,.81899065,0
.0214926239437936,1.9107198,1060,489,571,.46132076,.53867924,2.1279545,1.1056163,1.9246773,.054563176,.13631289,.59537256,.22895393,.81895322,0
.0221625292987926,1.9108378,1060,490,570,.46226415,.53773582,2.1113114,1.093339,1.9310676,.053767022,.13964647,.59580463,.23438299,.81473732,0
.0222887662618933,1.9108583,1060,491,569,.46320754,.53679246,2.1081855,1.0910136,1.9323184,.053612322,.14028741,.59589046,.23542485,.8139289,0
.0222970480639696,1.9108597,1060,493,567,.46509433,.53490567,2.1079724,1.0908633,1.932389,.053603601,.14032944,.59589618,.23549308,.81387597,0
.0225639484452933,1.9109038,1060,494,566,.46603775,.53396225,2.1012943,1.0860327,1.9348351,.05330221,.14171065,.59608412,.23773599,.81213629,0
.0227539031015322,1.9109589,1060,494,566,.46603775,.53396225,2.0947144,1.0825958,1.9348999,.053294238,.14260176,.59622353,.23917498,.81102061,0
.0229048764225082,1.9110049,1060,496,564,.46792454,.53207546,2.0895693,1.0798613,1.9350349,.053277653,.14331996,.59633392,.24033509,.81012148,0
.022941795103577,1.9110159,1060,496,564,.46792454,.53207546,2.0883958,1.0791866,1.9351575,.053262588,.14350268,.59636176,.24063025,.80989277,0
.0230023334613326,1.9110337,1060,497,563,.46886793,.5311321,2.0864801,1.0780784,1.9353695,.053236544,.14380282,.59640729,.24111514,.80951703,0
.0233230020553053,1.9111326,1060,499,561,.47075471,.52924526,2.0760696,1.0722069,1.9362586,.053127464,.14537539,.59664744,.24365374,.80755073,0
.0233874430666291,1.9111516,1060,499,561,.47075471,.52924526,2.07412,1.0710671,1.9364986,.053098042,.14569356,.59669608,.24416712,.80715322,0
.0234494176966225,1.9111691,1060,501,559,.4726415,.52735847,2.0722404,1.0699714,1.9367248,.053070333,.14599839,.59674263,.24465889,.80677253,0
.0235083326107871,1.9111869,1060,502,558,.47358492,.52641511,2.0705457,1.0689284,1.9370295,.053033028,.14629768,.59678686,.24514227,.80639833,0
.0237672182425761,1.9112593,1060,503,557,.47452831,.52547169,2.0629492,1.0643543,1.9382166,.052887883,.14760067,.59697866,.24724613,.80477029,0
.0238270648766508,1.9112757,1060,503,557,.47452831,.52547169,2.0611773,1.0632963,1.9384788,.052855868,.14789903,.59702283,.2477276,.80439782,0
.0240140617584492,1.9113281,1060,505,555,.4764151,.5235849,2.0558124,1.0601108,1.939243,.052762661,.14883271,.59716249,.24923319,.80323339,0
.024134183258177,1.9113603,1060,506,554,.47735849,.52264148,2.0523555,1.0580652,1.939725,.052703924,.14942871,.59725124,.25019407,.80249047,0
.0241435067497312,1.9113628,1060,507,553,.47830188,.52169812,2.0520999,1.0579129,1.9397627,.052699335,.14947547,.59725827,.25026938,.80243224,0
.0242152620278855,1.9113817,1060,507,553,.47830188,.52169812,2.0501418,1.0567421,1.9400588,.052663296,.14983517,.59731245,.25084889,.80198431,0
.0243865264232198,1.9114245,1060,509,551,.48018867,.51981133,2.0454175,1.0539473,1.9407208,.052582793,.15068936,.59743989,.25222516,.80092067,0
.0244764918369838,1.9114487,1060,510,550,.48113209,.51886791,2.0425191,1.0525398,1.9405624,.052602045,.15110621,.59750879,.25289369,.80040419,0
.0244830573708955,1.9114505,1060,510,550,.48113209,.51886791,2.0423105,1.0524391,1.9405497,.052603576,.15113688,.59751391,.25294286,.80036616,0
.0246060432571223,1.911484,1060,511,549,.48207548,.51792455,2.0384216,1.0505391,1.9403577,.052626938,.15171368,.5976088,.25386789,.79965162,0
.0246164520373538,1.9114864,1060,513,547,.48396227,.51603776,2.0380793,1.0503787,1.940328,.052630547,.15176025,.59761667,.25394246,.79959404,0
.0246647621944688,1.9114962,1060,514,546,.48490566,.51509434,2.0365114,1.0496342,1.9402105,.052644838,.1519759,.59765315,.25428781,.79932731,0
.0247982428862575,1.9115272,1060,514,546,.48490566,.51509434,2.0321174,1.0475738,1.9398321,.052690886,.15257108,.59775382,.25524068,.79859155,0
.0248585381961491,1.9115412,1060,515,545,.48584905,.51415092,2.030127,1.0466394,1.9396623,.052711565,.15283918,.59779996,.25566944,.79826051,0
.0249130346334213,1.9115537,1060,517,543,.48773584,.51226413,2.0283105,1.0457947,1.9394921,.0527323,.1530796,.5978418,.25605369,.79796392,0
.0249833799887844,1.9115698,1060,517,543,.48773584,.51226413,2.0261462,1.0446903,1.9394708,.052734897,.15340595,.59789574,.25657642,.79756039,0
.0250739744111465,1.9115901,1060,519,541,.48962265,.51037735,2.0232983,1.0432795,1.9393635,.052747969,.15382151,.59796363,.25724229,.79704654,0
.02511689652275,1.9115996,1060,520,540,.49056605,.50943398,2.0219519,1.0426085,1.9393203,.052753229,.15402101,.59799629,.2575618,.79679996,0
.0251715789712524,1.9116117,1060,520,540,.49056605,.50943398,2.0201657,1.0417445,1.9392141,.05276617,.15426914,.59803885,.25795838,.79649395,0
.0255249216933279,1.9116912,1060,522,538,.49245283,.50754714,2.008992,1.0364012,1.9384307,.052861735,.15587297,.59831381,.26052046,.79451787,0
.0256404716298507,1.9117174,1060,523,537,.49339622,.50660378,2.0052857,1.0346482,1.938133,.05289809,.15639178,.59840298,.26134863,.79387939,0
.0258187270873946,1.9117527,1060,523,537,.49339622,.50660378,1.9998008,1.0319266,1.9379292,.052922994,.15721516,.5985415,.26266378,.79286575,0
.0258333657674958,1.9117557,1060,525,535,.49528301,.50471699,1.9993508,1.0317042,1.9379109,.052925225,.1572828,.59855294,.26277173,.79278255,0
.0262195941648984,1.911834,1060,526,534,.49622643,.50377357,1.9874007,1.0258267,1.9373649,.052991983,.15907036,.59886622,.26561919,.79058921,0
.0263293697057919,1.911858,1060,527,533,.49716982,.50283021,1.9839742,1.0241463,1.937198,.053012401,.15957199,.59895587,.26641694,.78997499,0
.0264104167815166,1.9118748,1060,527,533,.49716982,.50283021,1.9816643,1.0229458,1.9372134,.053010516,.15996203,.59902221,.26703855,.78949648,0
.0267504889537614,1.9119544,1060,528,532,.49811321,.50188679,1.9701228,1.0180031,1.9352818,.053247329,.16144222,.59931028,.26938003,.78769475,0
.0268785987430157,1.9119858,1060,530,530,.5,.5,1.9657261,1.0161334,1.9345156,.053341489,.16199669,.59941822,.27025652,.78702062,0
.027005172529958,1.9120169,1060,530,530,.5,.5,1.9614338,1.0142915,1.9337969,.053429961,.1625497,.59952462,.27113098,.78634822,0
.0272851709678693,1.9120874,1060,531,529,.50094342,.49905661,1.9504927,1.0101653,1.9308648,.053792134,.16363701,.59976828,.2728337,.78503937,0
.0273588537339586,1.9121062,1060,533,527,.50283021,.49716982,1.9474462,1.0090799,1.9299226,.053908952,.16390653,.59983289,.27325365,.78471667,0
.0274123651792344,1.9121189,1060,534,526,.50377357,.49622643,1.9451596,1.0082917,1.9291633,.054003246,.1640925,.5998798,.27354228,.78449488,0
.0274604071408326,1.9121304,1060,535,525,.50471699,.49528301,1.9430604,1.0075901,1.9284236,.054095231,.16425474,.59992188,.27379355,.78430182,0
.0274718647212631,1.9121326,1060,536,524,.50566036,.49433962,1.9425931,1.0074226,1.9282804,.054113083,.16429676,.59993213,.2738589,.78425163,0
.0274837139816143,1.9121346,1060,537,523,.50660378,.49339622,1.9421238,1.0072501,1.9281445,.054129995,.16434163,.59994286,.27392882,.78419787,0
.0275418265691592,1.9121442,1060,537,523,.50660378,.49339622,1.9397795,1.0064065,1.9274315,.054218844,.16455545,.59999567,.27426106,.78394264,0
.0275552990992626,1.9121467,1060,538,522,.50754714,.49245283,1.9392233,1.0062207,1.9272346,.05424339,.16460334,.60000777,.27433535,.7838856,0
.0282263590402584,1.9122707,1060,539,521,.50849056,.49150944,1.9114316,.99691391,1.9173486,.055488333,.16694725,.60060596,.27796468,.78109896,0
.0282736320601287,1.9122795,1060,541,519,.51037735,.48962265,1.9094576,.99625504,1.9166353,.055579085,.16710919,.60064727,.2782152,.78090674,0
.02846325546074,1.9123139,1060,541,519,.51037735,.48962265,1.9019809,.99357444,1.9142812,.055879425,.16780266,.60081512,.27929169,.7800808,0
.0285380738235791,1.9123122,1060,542,518,.51132077,.48867926,1.9001528,.9924069,1.9146912,.055827018,.16814084,.60087699,.27982575,.77967113,0
.028545381145061,1.912312,1060,544,516,.51320755,.48679245,1.8999507,.99229246,1.9147084,.055824824,.16817154,.60088313,.27987394,.77963412,0
.0285649789841561,1.9123117,1060,544,516,.51320755,.48679245,1.899408,.9919852,1.9147544,.055818953,.16825444,.60089982,.28000414,.77953428,0
.0287079969405671,1.9123154,1060,546,514,.51509434,.48490566,1.8950489,.98976004,1.914655,.05583166,.16884336,.60102725,.28092465,.77882838,0
.0289706789632623,1.91232,1060,547,513,.51603776,.48396227,1.8870327,.98567677,1.914454,.055857349,.16991319,.60126019,.2825951,.77754778,0
.0291634472844003,1.9123282,1060,547,513,.51603776,.48396227,1.881192,.98267525,1.9143578,.055869643,.17070933,.60143048,.28383884,.7765947,0
.0293055073176492,1.9123325,1060,549,511,.51792455,.48207548,1.8770187,.98049301,1.9143621,.055869088,.171306,.60155648,.28477126,.77588046,0
.0294556620398319,1.9123381,1060,550,510,.51886791,.48113209,1.8725777,.97818583,1.9143373,.055872262,.17193688,.60168898,.28575706,.77512544,0
.0295506464882555,1.9123414,1060,550,510,.51886791,.48113209,1.8696992,.97672737,1.9142488,.055883564,.17232722,.60177279,.28636593,.77465928,0
.0297254968020318,1.9123459,1060,551,509,.51981133,.48018867,1.8644212,.97404349,1.9141047,.055901997,.17304268,.60192627,.28748155,.77380532,0
.0298114678797714,1.9123493,1060,553,507,.52169812,.47830188,1.8617538,.97271609,1.9139745,.055918664,.17339444,.60200334,.28802904,.7733863,0
.0299191058505001,1.9123546,1060,553,507,.52169812,.47830188,1.8584231,.97105849,1.9138117,.055939496,.17383963,.6020993,.28872252,.77285564,0
.0300691838387367,1.9123613,1060,555,505,.5235849,.4764151,1.8536776,.96875554,1.9134628,.055984177,.17444661,.60223281,.28966641,.77213359,0
.0300840592617642,1.9123619,1060,556,504,.52452832,.47547171,1.8531978,.96852744,1.9134181,.055989899,.17450576,.60224617,.28975818,.77206343,0
.0301072493043463,1.9123629,1060,557,503,.52547169,.47452831,1.8524501,.96817183,1.9133486,.055998795,.17459814,.60226691,.28990161,.7719537,0
.0301242132276181,1.9123634,1060,557,503,.52547169,.47452831,1.851925,.96791214,1.9133193,.056002542,.17466818,.60228235,.29001048,.77187049,0
.0304325518149839,1.9123729,1060,558,502,.52641511,.47358492,1.8421394,.96334016,1.9122418,.056140721,.17591238,.60256124,.29194108,.77039433,0
.0304981113454585,1.9123739,1060,559,501,.52735847,.4726415,1.8400778,.96236914,1.912029,.05616805,.17617199,.60261953,.29234365,.77008665,0
.0309444205790251,1.9123826,1060,560,500,.52830189,.47169811,1.8264859,.95605093,1.9104483,.05637135,.17794986,.60302287,.29509634,.76798368,0
.0309888040506064,1.9123842,1060,561,499,.52924526,.47075471,1.8251119,.95542175,1.9102683,.056394543,.17812544,.60306281,.29536796,.76777625,0
.031028767300451,1.9123845,1060,562,498,.53018868,.46981132,1.8239082,.95485628,1.910139,.056411214,.17828412,.60309863,.29561356,.76758873,0
.0310516214358479,1.9123847,1060,563,497,.5311321,.46886793,1.8232224,.95453352,1.9100664,.056420568,.17837535,.60311913,.29575473,.76748097,0
.0316559161312808,1.9124004,1060,565,495,.53301889,.46698114,1.8053367,.94643438,1.9075139,.056750406,.18077207,.60367095,.2994546,.76465762,0
.0319096881578757,1.9124067,1060,566,494,.53396225,.46603775,1.7976496,.94304013,1.9062281,.056917161,.18175152,.60390079,.30096257,.76350778,0
.0319519144396566,1.9124076,1060,566,494,.53396225,.46603775,1.7963833,.94248259,1.9060122,.056945194,.18191753,.60393965,.30121809,.76331306,0
.0320818990089218,1.9124123,1060,568,492,.53584903,.46415094,1.7924023,.94075918,1.9052722,.057041384,.18242699,.60406095,.30200097,.76271635,0
.0322275303288582,1.9124162,1060,569,491,.53679246,.46320754,1.7879367,.93882924,1.9044322,.057150755,.18299216,.60419631,.30286872,.7620551,0
.0324324560348381,1.9124221,1060,570,490,.53773582,.46226415,1.7815888,.93615425,1.9030932,.057325438,.18377885,.60438824,.30407417,.76113689,0
.0325337359548464,1.9124252,1060,571,489,.53867924,.46132076,1.7784673,.9348346,1.9024407,.057410724,.18416983,.60448432,.30467263,.76068109,0
.0327159245498836,1.9124324,1060,572,488,.53962266,.46037737,1.7729741,.93245071,1.9014133,.057545226,.18488856,.60465795,.30577379,.75984275,0
.0329612849555834,1.9124421,1060,572,488,.53962266,.46037737,1.7658349,.9293564,1.9000621,.057722516,.18588236,.60488588,.30730155,.75868011,0
.0330637649674176,1.9124446,1060,573,487,.54056603,.45943397,1.7629795,.92807418,1.8996105,.057781868,.1863056,.60498053,.30795306,.75818443,0
.0330796730120028,1.9124451,1060,574,486,.54150945,.45849058,1.762539,.92787504,1.8995435,.057790678,.18637215,.60499519,.30805561,.75810641,0
.0333217661378844,1.9124537,1060,576,484,.54339623,.45660377,1.7558148,.92484927,1.8984876,.057929691,.18737733,.60521722,.30960342,.75692934,0
.0333302519115501,1.912454,1060,577,483,.5443396,.45566037,1.7555827,.92474419,1.8984523,.057934344,.18741304,.60522509,.30965841,.7568875,0
.0333616259848038,1.9124558,1060,578,482,.54528302,.45471698,1.7546966,.92435342,1.8982962,.057954907,.18754452,.60525465,.30986053,.75673383,0
.0335320658560623,1.912436,1060,578,482,.54528302,.45471698,1.7516012,.92207938,1.8996208,.057780519,.1883882,.60540819,.3111755,.75573432,0
.0335715093838203,1.9124312,1060,579,481,.54622644,.45377359,1.7508632,.92155451,1.899902,.057743564,.1885805,.60544372,.31147486,.75550687,0
.0336361389772478,1.9124234,1060,580,480,.5471698,.4528302,1.7496017,.9206959,1.9003036,.057690803,.18888815,.60550112,.31195343,.75514323,0
.0340322047867141,1.9123789,1060,582,478,.54905659,.45094341,1.7417189,.91542888,1.9026262,.05738648,.19076103,.60585105,.31486458,.75293249,0
.0340327456532835,1.9123788,1060,583,477,.55000001,.44999999,1.741708,.91542166,1.9026293,.05738607,.19076358,.60585153,.31486851,.75292951,0
.0340680656038096,1.912375,1060,583,477,.55000001,.44999999,1.7409972,.91495949,1.9028134,.05736199,.19092977,.6058833,.31512633,.75273383,0
.0340821533537459,1.9123735,1060,585,475,.5518868,.4481132,1.7407157,.91477531,1.9028889,.057352137,.19099636,.605896,.31522959,.75265545,0
.0341775390039164,1.9123634,1060,585,475,.5518868,.4481132,1.7387797,.913535,1.9033531,.057291504,.19144513,.60598558,.31592357,.75212878,0
.0342144223309641,1.9123596,1060,587,473,.55377358,.44622642,1.7380316,.91305619,1.9035319,.057268158,.19161902,.60602015,.31619251,.75192469,0
.0342600226816051,1.9123582,1060,587,473,.55377358,.44622642,1.7369359,.91246432,1.9035659,.057263725,.19181979,.60606372,.31650102,.75169063,0
.0344055835328941,1.912354,1060,588,472,.554717,.44528303,1.7334515,.91059387,1.9036494,.057252824,.19246003,.60620344,.31748423,.75094479,0
.0344074089080576,1.9123539,1060,589,471,.55566037,.44433963,1.7334108,.91057038,1.903654,.057252228,.19246824,.60620517,.31749687,.75093526,0
.0345374422574761,1.912347,1060,590,470,.55660379,.44339624,1.7304692,.9088946,1.9039272,.057216577,.19305116,.60632962,.31839311,.75025558,0
.0345630864492833,1.9123455,1060,591,469,.55754715,.44245282,1.7298889,.90856433,1.9039807,.057209603,.19316575,.60635412,.31856921,.75012207,0
.0346062904844258,1.9123435,1060,593,467,.55943394,.44056603,1.7288967,.90800792,1.9040546,.057199959,.19335841,.60639554,.31886518,.74989772,0
.0346309694304953,1.9123418,1060,593,467,.55943394,.44056603,1.7283509,.90769082,1.9041184,.057191644,.19346966,.60641915,.31903622,.74976802,0
.0346691510160359,1.9123393,1060,594,466,.56037736,.43962264,1.727538,.90719694,1.9042591,.057173308,.1936463,.6064564,.31930786,.74956208,0
.0346843331025477,1.9123381,1060,595,465,.56132078,.43867925,1.7272331,.90700376,1.9043285,.05716427,.19371787,.60647118,.31941807,.74947858,0
.0347736353875599,1.9123299,1060,597,463,.56320757,.43679246,1.7254184,.90586931,1.9047102,.057114549,.19413488,.60655749,.32006016,.74899197,0
.0348718994149316,1.9123403,1060,597,463,.56320757,.43679246,1.7223148,.90449601,1.9041708,.057184834,.1944951,.60665685,.32060149,.74858177,0
.0349426316094337,1.9123483,1060,598,462,.56415093,.43584907,1.7200724,.90351546,1.9037554,.057238985,.19475451,.60672933,.32099074,.74828684,0
.0350063417277918,1.9123569,1060,599,461,.56509435,.43490565,1.7177993,.90264773,1.9030672,.057328831,.19495592,.60679495,.32128799,.74806166,0
.0354739181026694,1.9124242,1060,600,460,.56603771,.43396226,1.700104,.89642018,1.8965482,.058185715,.19629627,.60727781,.32323965,.7465837,0
.0356254613747777,1.9124409,1060,602,458,.5679245,.43207547,1.6945219,.89440525,1.8945795,.058446571,.19672547,.60743147,.32386449,.74611074,0
.0357321081056111,1.9124535,1060,603,457,.56886792,.43113208,1.6908826,.89298517,1.893517,.058587756,.19706959,.60753816,.32437402,.7457251,0
.0357484387553584,1.9124546,1060,604,456,.56981134,.43018869,1.690406,.89277148,1.8934363,.058598489,.19712777,.60755426,.32446119,.74565917,0
.0360103920869049,1.9124711,1060,605,455,.57075471,.42924529,1.6828169,.88938051,1.8921225,.058773495,.19806407,.60781449,.32586271,.74459881,0
.0360160077362751,1.9124715,1060,605,455,.57075471,.42924529,1.6826636,.88930756,1.8921053,.058775783,.19808568,.60781991,.32589534,.74457413,0
.0360416095619144,1.9124734,1060,606,454,.57169813,.4283019,1.6819639,.88897473,1.8920267,.058786269,.19818416,.60784483,.32604399,.74446166,0
.0362552248855401,1.9124917,1060,608,452,.57358491,.42641509,1.6762155,.88619846,1.8914675,.058860905,.19902222,.60805255,.32731089,.74350369,0
.036609614258039,1.912527,1060,608,452,.57358491,.42641509,1.6665807,.88159853,1.8904077,.059002556,.20041324,.60839343,.32941386,.74191427,0
.0366266302155754,1.9125286,1060,610,450,.5754717,.4245283,1.6661289,.88138574,1.8903514,.059010085,.20048067,.60841,.32951573,.74183732,0
.0368189111704842,1.9125466,1060,611,449,.57641512,.42358491,1.6608928,.87899041,1.889546,.059117947,.20121995,.60859472,.33063042,.74099535,0
.0371082519729367,1.9125749,1060,611,449,.57641512,.42358491,1.6527523,.87541348,1.8879676,.059329789,.20229356,.60887134,.33224353,.73977745,0
.0371805891665395,1.9125801,1060,613,447,.57830191,.42169812,1.6506716,.87452352,1.8875097,.059391376,.20254563,.6089381,.33262104,.73949254,0
.03730791000523,1.9125881,1060,613,447,.57830191,.42169812,1.6467563,.87296349,1.8863977,.059541129,.20294623,.60905612,.33321434,.73904479,0
.0373308205817115,1.9125896,1060,614,446,.57924527,.42075473,1.6460766,.87268442,1.8862219,.059564829,.20302202,.60907722,.33332723,.73895961,0
.0374132503982727,1.912595,1060,616,444,.58113205,.41886792,1.6435628,.87167144,1.8855302,.059658166,.20328575,.60915834,.3337158,.73866647,0
.0375615262132952,1.9126061,1060,616,444,.58113205,.41886792,1.6387306,.86985713,1.8839078,.059877578,.20371586,.60930425,.33434179,.73819423,0
.037731214525924,1.9126168,1060,618,442,.58301884,.41698113,1.6332343,.86778253,1.8820779,.060125854,.2042049,.60947031,.33505309,.73765779,0
.03810890873056,1.9126437,1060,618,442,.58301884,.41698113,1.620899,.86317706,1.8778292,.060705617,.20528266,.60983956,.33661747,.73647839,0
.0383690954580321,1.9126621,1060,619,441,.58396226,.41603774,1.612236,.86001438,1.8746618,.061140835,.20598871,.61009258,.33763516,.73571151,0
.0383895677583698,1.9126633,1060,620,440,.58490568,.41509435,1.6115659,.85976428,1.8744277,.061173111,.20604545,.61011249,.33771715,.7356497,0
.0386653427524122,1.9126807,1060,621,439,.58584905,.41415095,1.6025351,.85640234,1.871241,.061613783,.20680363,.61038035,.3388111,.73482567,0
.0387174051852376,1.9126843,1060,622,438,.58679247,.41320756,1.6008317,.85576743,1.8706387,.061697349,.20694776,.61043054,.33901933,.73466885,0
.0387692711253287,1.9126879,1060,624,436,.58867925,.41132075,1.5991274,.85513985,1.8700186,.061783515,.20709027,.61047941,.33922565,.73451346,0
.0388317397779576,1.9126923,1060,625,435,.58962262,.41037735,1.5970744,.85438061,1.8692775,.061886605,.20726454,.61053914,.3394779,.73432356,0
.0388411985566061,1.9126928,1060,625,435,.58962262,.41037735,1.5967695,.85426599,1.8691714,.061901383,.20729135,.6105482,.33951676,.7342943,0
.0390170807662865,1.9127058,1060,626,434,.59056604,.40943396,1.5911506,.85213125,1.8672601,.062167972,.20780325,.61071706,.34026107,.73373389,0
.0390696130721388,1.9127098,1060,627,433,.59150946,.40849057,1.5895057,.85149652,1.8667201,.062243465,.20796157,.6107676,.34049216,.73355997,0
.0394291974610136,1.9127384,1060,628,432,.59245282,.40754718,1.5782933,.8472085,1.8629338,.062774926,.20905016,.61112338,.3420752,.73236871,0
.0396566034481989,1.9127574,1060,629,431,.59339625,.40660378,1.5709227,.84449542,1.860191,.063162267,.20968953,.61134756,.34299561,.7316764,0
.0396989308725739,1.9127613,1060,631,429,.59528303,.40471697,1.5695072,.84398937,1.8596292,.063241847,.20980279,.61139089,.34315655,.73155534,0
.0398513159291319,1.9127762,1060,631,429,.59528303,.40471697,1.5644705,.84216708,1.8576723,.063519672,.21022147,.61154741,.34375334,.73110658,0
.0398938375866829,1.9127804,1060,633,427,.59716982,.40283018,1.5630555,.84165871,1.8571132,.063599244,.2103364,.6115911,.34391671,.73098379,0
.0400501764081837,1.9127876,1060,633,427,.59716982,.40283018,1.5582933,.83978695,1.8555818,.06381762,.21080388,.61175221,.34459031,.73047739,0
.0400527592245384,1.9127878,1060,635,425,.5990566,.4009434,1.5582143,.83975607,1.8555559,.063821316,.21081156,.61175483,.34460136,.73046911,0
.0402108042736779,1.9127941,1060,636,424,.60000002,.40000001,1.5534363,.83785772,1.8540574,.064035602,.2112873,.61191761,.34528717,.72995365,0
.0402440016849134,1.9127948,1060,637,423,.60094339,.39905661,1.5524478,.83745962,1.8537583,.064078428,.21138617,.61195171,.34542948,.72984672,0
.0404458880982502,1.9127973,1060,637,423,.60094339,.39905661,1.5468487,.83511829,1.8522509,.064294711,.21204215,.61215615,.34638572,.7291283,0
.0409612761798505,1.912807,1060,639,421,.60283017,.3971698,1.5324144,.82955706,1.8472682,.0650139,.21366693,.61267239,.34874582,.72735614,0
.0409992850188614,1.9128079,1060,639,421,.60283017,.3971698,1.5313611,.82914662,1.8469124,.065065518,.21378851,.61271036,.34892264,.72722346,0
.0410806978776325,1.9128101,1060,640,420,.60377359,.39622641,1.5290575,.82828391,1.8460548,.065190047,.21404114,.61279368,.34928745,.72694963,0
.0413861860816719,1.9128218,1060,641,419,.60471696,.39528301,1.5203878,.82504779,1.8427875,.065666303,.21498396,.6131056,.35064751,.72592926,0
.0416343621121287,1.9128325,1060,642,418,.60566038,.39433962,1.5128217,.82241511,1.8394866,.06615036,.21565738,.61335921,.35160047,.7252146,0
.0418759348256061,1.9128463,1060,643,417,.6066038,.39339623,1.5053728,.8198601,1.8361337,.066645071,.21630518,.61360526,.35251519,.72452879,0
.0420065738195209,1.9128457,1060,645,415,.60849059,.39150944,1.5016832,.81846362,1.8347588,.066848822,.21668588,.61373752,.35305953,.72412086,0
.0421010437115111,1.9128451,1060,646,414,.60943395,.39056605,1.4990019,.81745809,1.8337353,.067000814,.21695909,.61383283,.35344982,.72382838,0
.0422521898079909,1.9127691,1060,647,413,.61037737,.38962263,1.4988126,.81523013,1.8385147,.066293463,.21786146,.61380929,.35493347,.72271693,0
.0423202682309694,1.9127355,1060,648,412,.61132073,.38867924,1.4986206,.81423277,1.840531,.065996893,.21825424,.61380124,.35557804,.72223425,0
.0424231970120271,1.9126848,1060,648,412,.61132073,.38867924,1.4983394,.81273669,1.843573,.065551542,.21885122,.61378878,.35655788,.72150069,0
.042448304469298,1.9126724,1060,650,410,.61320752,.38679245,1.4982796,.8123709,1.8443295,.065441184,.21899876,.61378658,.35679954,.72131979,0
.0425539600213664,1.9126204,1060,651,409,.61415094,.38584906,1.4979627,.81084698,1.8474048,.064994089,.21960944,.6137768,.35780016,.72057104,0
.0427112847965998,1.9125433,1060,652,408,.61509436,.38490567,1.4974283,.80860251,1.851872,.064349174,.22051121,.61376262,.35927767,.71946591,0
.0429133537386965,1.9124448,1060,653,407,.61603773,.38396227,1.4967967,.80576044,1.85762,.063527122,.2216866,.61374253,.36120456,.71802551,0
.042922659433226,1.9124405,1060,654,406,.61698115,.38301888,1.4967608,.80563039,1.8578755,.063490793,.22174077,.6137417,.36129329,.71795923,0
.0430059378193869,1.9124014,1060,655,405,.61792451,.38207546,1.4963945,.80447423,1.86009,.063176557,.22221796,.61373407,.36207533,.71737492,0
.0431747014846457,1.9123244,1060,655,405,.61792451,.38207546,1.495625,.80215049,1.8645192,.062551916,.22319132,.61371702,.36367139,.71618301,0
.0432550139185895,1.9122889,1060,656,404,.61886793,.38113207,1.4952364,.80105352,1.8665873,.062262036,.2236544,.61370915,.36443061,.71561623,0
.0432641074288707,1.9122849,1060,658,402,.62075472,.37924528,1.4951915,.80092967,1.8668199,.062229499,.22370648,.61370832,.36451599,.71555251,0
.0435146579107588,1.9121772,1060,659,401,.62169814,.37830189,1.4937707,.79755336,1.8729414,.061378304,.22512805,.61368579,.36684579,.71381438,0
.0435328609973971,1.9121695,1060,659,401,.62169814,.37830189,1.4936639,.79731023,1.8733785,.061317895,.22523148,.61368406,.36701539,.71368796,0
.0437984703950358,1.9120542,1060,660,400,.6226415,.3773585,1.4920323,.79380232,1.8796018,.060463175,.22671981,.61365515,.36945802,.71186733,0
.0439389908390708,1.9119925,1060,661,399,.62358493,.3764151,1.4911562,.79197168,1.8828404,.060022298,.22750437,.61363912,.3707462,.71090788,0
.0440031791836284,1.9119647,1060,662,398,.62452829,.37547171,1.4906652,.79114681,1.8841828,.059840348,.22784774,.61363423,.37130871,.71048903,0
.0441922159511047,1.9118832,1060,663,397,.62547171,.37452829,1.4890617,.78874159,1.8878956,.059339475,.22883317,.61361969,.37292343,.70928723,0
.0444368283140639,1.9117687,1060,664,396,.62641507,.3735849,1.4873397,.78567231,1.8930789,.058646053,.23014322,.61359906,.37507102,.70769,0
.0446287591349169,1.9116791,1060,665,395,.6273585,.3726415,1.4859607,.78329396,1.8970665,.058117196,.2311746,.61358941,.3767578,.70643634,0
.0448280071545453,1.911587,1060,667,393,.62924528,.37075472,1.4842125,.7808764,1.9007008,.057638649,.23219088,.61357647,.37842208,.7052002,0
.0448974648143562,1.9115551,1060,668,392,.6301887,.36981133,1.483624,.7800386,1.9019878,.057469986,.23255058,.61357206,.37901103,.70476294,0
.044951938590503,1.9115297,1060,669,391,.63113207,.36886793,1.4831645,.77938449,1.9029948,.057338305,.23283252,.61356843,.37947279,.70442021,0
.0450574721046621,1.9114819,1060,670,390,.63207549,.36792454,1.4822333,.77812469,1.9048787,.057092588,.23337692,.61356169,.38036424,.70375866,0
.0454050509577526,1.9113299,1060,671,389,.63301885,.36698112,1.4788961,.77404916,1.9105972,.056352176,.23515132,.61354244,.38326824,.7016052,0
.0454091074709734,1.9113278,1060,672,388,.63396227,.36603773,1.4788667,.77400202,1.9106754,.056342099,.23517427,.61354268,.38330549,.7015776,0
.0454823134151,1.9112926,1060,673,387,.63490564,.36509433,1.4783293,.77315307,1.9120785,.056161694,.23558825,.61354709,.38397744,.70107967,0
.0456255783249597,1.9112225,1060,673,387,.63490564,.36509433,1.4772861,.77150303,1.9148157,.055811118,.23639157,.61355513,.38528171,.70011353,0
.045684559388378,1.9111934,1060,674,386,.63584906,.36415094,1.4768527,.77082801,1.9159302,.055668909,.23672161,.61355829,.38581762,.69971669,0
.0463969840003663,1.910846,1060,675,385,.63679248,.36320755,1.4710516,.76286381,1.928328,.054107141,.24063252,.61359435,.39216873,.69502008,0
.0464956841940278,1.9107977,1060,676,384,.63773584,.36226416,1.4702054,.76178706,1.9299428,.053906444,.24116747,.61359853,.39303792,.6943782,0
.0465065639629961,1.9107925,1060,678,382,.63962263,.36037737,1.4701134,.7616688,1.9301215,.053884268,.24122719,.61359894,.39313498,.69430655,0
.0467551306451039,1.910676,1060,678,382,.63962263,.36037737,1.4676398,.75914979,1.9332677,.053495165,.24251877,.61360842,.39523378,.69275761,0
.046849879810771,1.9106312,1060,680,380,.64150941,.35849056,1.4666846,.75819939,1.9344312,.053351868,.24300875,.61361164,.39603022,.6921702,0
.0469034938003013,1.9106059,1060,680,380,.64150941,.35849056,1.4661435,.75766146,1.9350905,.053270813,.24328627,.61361462,.39648056,.69183809,0
.0474213808092434,1.9103684,1060,682,378,.6433962,.35660377,1.4606625,.75255334,1.9409422,.052555885,.24595392,.61364144,.40081048,.68864828,0
.0475476056956867,1.9103119,1060,683,377,.64433962,.35566038,1.4591891,.7514044,1.941949,.052433684,.24657887,.61364591,.40182599,.68790096,0
.0476312505975306,1.9102751,1060,683,377,.64433962,.35566038,1.4581957,.75064719,1.9425845,.052356679,.24699299,.61364883,.40249893,.68740594,0
.0476978253474056,1.9102457,1060,685,375,.64622641,.35377359,1.4573876,.75004762,1.94306,.052299123,.24731848,.61365074,.40302807,.68701673,0
.0477395880233181,1.9102279,1060,686,374,.64716983,.3528302,1.4568839,.74969083,1.943313,.052268524,.24751814,.61365283,.40335208,.68677849,0
.0481187394825492,1.9100565,1060,687,373,.64811319,.35188678,1.4531889,.74660569,1.9463941,.051897049,.24939725,.61367297,.40640092,.68453807,0
.0484871923949213,1.9098921,1060,687,373,.64811319,.35188678,1.4496266,.74367589,1.949272,.051552057,.25124574,.61368704,.40940365,.68233418,0
.0485198704707414,1.9098777,1060,689,371,.64999998,.34999999,1.4493095,.74342459,1.9495044,.051524293,.25141001,.61368924,.40966994,.68213892,0
.0485332959642633,1.9098716,1060,690,370,.6509434,.3490566,1.4491786,.74332154,1.9495984,.051513046,.25147733,.61369008,.40977907,.68205887,0
.0487300823288283,1.9097822,1060,690,370,.6509434,.3490566,1.4472401,.74182177,1.9509269,.051354546,.25245607,.61370242,.4113656,.68089569,0
.0492198218697184,1.9095706,1060,691,369,.65188682,.34811321,1.4402661,.73820043,1.9510503,.05133985,.25449333,.61367959,.41470066,.67845315,0
.0494140720998098,1.9094877,1060,692,368,.65283018,.34716982,1.4372151,.73679554,1.9506296,.051389992,.25524545,.61367023,.4159326,.67755169,0
.0495561646966559,1.9094174,1060,694,366,.65471697,.34528303,1.4354482,.73576403,1.9509627,.051350288,.25584465,.61366087,.41691539,.67683291,0
.0502671627928296,1.9090689,1060,694,366,.65471697,.34528303,1.426347,.73067594,1.9520925,.051215816,.2588228,.61361253,.42180172,.67326361,0
.0503175841420405,1.9090445,1060,696,364,.65660375,.34339622,1.4256797,.73032451,1.9521182,.051212776,.25903061,.61360848,.42214316,.67301446,0
.0503899217219621,1.9090095,1060,697,363,.65754718,.34245282,1.4247169,.72982049,1.9521472,.051209323,.25933197,.61360317,.42263794,.6726535,0
.0504395199728935,1.9089855,1060,697,363,.65754718,.34245282,1.4240569,.72947586,1.9521645,.051207259,.2595377,.61359954,.42297572,.67240715,0
.0504947504883029,1.9089607,1060,698,362,.65849054,.34150943,1.4232931,.72909182,1.9521453,.051209547,.25976825,.61359572,.42335406,.67213118,0
.0505688971411329,1.9089274,1060,700,360,.66037738,.33962265,1.422295,.72859126,1.9521163,.051212996,.26008356,.61359179,.42387065,.67175454,0
.0506494703069677,1.9088863,1060,700,360,.66037738,.33962265,1.4214478,.72805095,1.9524013,.051179118,.26045188,.61358559,.42447522,.67131376,0
.0507938166590638,1.9088117,1060,702,358,.66226417,.33773586,1.4199358,.72708809,1.9529076,.051119007,.26110736,.61357373,.42555168,.67052937,0
.0508375273559282,1.9087892,1060,702,358,.66226417,.33773586,1.4194732,.72679293,1.953064,.05110044,.26130593,.61357135,.425877,.67029232,0
.051372954191042,1.9085108,1060,704,356,.66415095,.33584905,1.4137626,.72321028,1.954843,.050889708,.26375201,.61354053,.42988521,.66737503,0
.0513976758889586,1.9084983,1060,704,356,.66415095,.33584905,1.4134876,.7230466,1.9549052,.050882354,.26386425,.61353904,.43006918,.66724122,0
.0514245325953796,1.9084852,1060,706,354,.66603774,.33396226,1.413183,.7228685,1.9549655,.050875224,.26398566,.61353749,.4302682,.6670965,0
.0514748664540855,1.9084611,1060,706,354,.66603774,.33396226,1.4126053,.72253489,1.9550686,.050863039,.2642138,.61353457,.43064207,.6668247,0
.0516535856508782,1.9083701,1060,707,353,.66698116,.33301887,1.4107748,.7213127,1.9558436,.050771512,.26509655,.61354345,.43207461,.66578364,0
.0518069423807507,1.9082911,1060,709,351,.66886795,.33113208,1.4091823,.72027045,1.9564627,.050698478,.26584664,.61354977,.43329272,.66489887,0
.0519161182288097,1.9082358,1060,709,351,.66886795,.33113208,1.4080487,.71952963,1.9569016,.050646771,.26638317,.61355472,.43416363,.66426659,0
.0521396789000723,1.9081303,1060,711,349,.67075473,.32924527,1.4046273,.71802485,1.9562378,.050724991,.26726589,.61357307,.43558931,.66323203,0
.0522256404656729,1.9080982,1060,711,349,.67075473,.32924527,1.4030442,.71744514,1.9556119,.050798852,.26755604,.61358202,.4360559,.66289359,0
.0523548293298759,1.9080552,1060,712,348,.67169809,.32830188,1.4005533,.71657997,1.9544969,.050930656,.26797599,.61359626,.43673012,.66240466,0
.0526053119965102,1.9079783,1060,714,346,.67358488,.32641509,1.395591,.71491283,1.9521135,.051213324,.26876909,.61362422,.43800277,.66148221,0
.0527951506360598,1.9079221,1060,714,346,.67358488,.32641509,1.3917778,.71364468,1.9502392,.051436558,.26937225,.61364919,.43896785,.66078299,0
.0528544333543025,1.9079046,1060,715,345,.6745283,.3254717,1.3905838,.71324861,1.949648,.051507127,.26956314,.6136573,.43927309,.66056192,0
.0529352776936362,1.9078811,1060,716,344,.67547172,.32452831,1.3889459,.71270776,1.9488295,.051604982,.26982647,.61366874,.43969402,.6602571,0
.0529480420924256,1.9078774,1060,717,343,.67641509,.32358491,1.3886892,.71262223,1.9487032,.051620096,.26986834,.61367053,.43976092,.66020864,0
.0530667064406318,1.9078431,1060,719,341,.67830187,.3216981,1.3862253,.71191204,1.9471864,.051801875,.27023727,.61368406,.44035244,.65978038,0
.0540392854101565,1.9076017,1060,719,341,.67830187,.3216981,1.364711,.70594627,1.9331656,.053507771,.27332595,.61391008,.44522148,.65625948,0
.0540832508364903,1.9075911,1060,720,340,.67924529,.32075471,1.3637393,.70567983,1.9325184,.053587634,.27346522,.61391938,.44544157,.65610045,0
.0541139326127298,1.9075829,1060,721,339,.68018866,.31981131,1.3630974,.70549554,1.9321135,.053637646,.27356684,.61392546,.44560269,.6559841,0
.0542530012753852,1.9075433,1060,723,337,.6820755,.31792453,1.3602525,.70465845,1.9303713,.053853296,.27403551,.61395258,.4463464,.65544707,0
.054294311284837,1.9075321,1060,723,337,.6820755,.31792453,1.3593949,.70441145,1.9298309,.05392034,.27417365,.61396098,.44656524,.65528905,0
.0546057118163013,1.9074473,1060,725,335,.68396229,.31603774,1.3530107,.70261014,1.9256918,.054436125,.27523044,.61402678,.44823852,.65408158,0
.0551940114601598,1.9072899,1060,725,335,.68396229,.31603774,1.3408355,.69925368,1.9175235,.055466101,.27718964,.61414832,.45133993,.65184587,0
.0553714467406837,1.9072436,1060,726,334,.68490565,.31509435,1.3370131,.69824052,1.9148316,.055809077,.27774549,.61418682,.45221663,.65121448,0
.0553992870841031,1.9072367,1060,727,333,.68584907,.31415093,1.3364214,.69808203,1.9144188,.055861838,.27783537,.61419272,.4523586,.6511122,0
.0560235373223412,1.9070848,1060,729,331,.68773586,.31226414,1.3231121,.69459277,1.9048744,.057093147,.27982539,.61431783,.45550588,.6488477,0
.0561546960303943,1.9070452,1060,729,331,.68773586,.31226414,1.3207728,.69385439,1.9035301,.057268392,.28028971,.61433816,.45624661,.64831519,0
.0565433848829073,1.9069225,1060,731,329,.68962264,.31037736,1.3138027,.69168264,1.8994298,.057805635,.28163683,.61439419,.4583976,.64676994,0
.0566142750346675,1.9069004,1060,732,328,.69056606,.30943397,1.3125298,.69128978,1.8986681,.057905916,.28188133,.6144045,.45878783,.64648974,0
.0568624493927346,1.9068229,1060,732,328,.69056606,.30943397,1.3082014,.68997788,1.8960049,.058257598,.28276324,.61444193,.46019518,.64547968,0
.0568997018967013,1.9068114,1060,733,327,.69150943,.30849057,1.3075525,.68978155,1.8956038,.058310732,.28289568,.61444795,.46040624,.64532828,0
.0574061649757218,1.9066583,1060,734,326,.69245285,.30754718,1.2983009,.68707561,1.889604,.059110168,.28459984,.61454266,.4631083,.64339107,0
.0577725384445356,1.9065467,1060,735,325,.69339621,.30660376,1.292081,.68529165,1.8854469,.059669413,.28592813,.61459816,.46522778,.64187318,0
.0579100396540697,1.9065098,1060,736,324,.69433963,.30566037,1.2896663,.68462247,1.8837628,.059897225,.28641468,.61461914,.46600351,.64131802,0
.0580872574553477,1.9064589,1060,737,323,.695283,.30471697,1.2866734,.68376648,1.8817438,.060171276,.28705755,.614645,.46702984,.64058387,0
.0580987201209156,1.9064558,1060,739,321,.69716984,.30283019,1.2864747,.68371189,1.8816035,.060190365,.2870982,.61464661,.46709475,.64053744,0
.0582726751476972,1.906408,1060,740,320,.6981132,.3018868,1.2835791,.68291265,1.8795656,.060468115,.28772792,.6146704,.4681012,.63981783,0
.0587554200270717,1.9062823,1060,741,319,.69905663,.3009434,1.2753938,.68059069,1.8739513,.061238807,.28956491,.61479217,.47099638,.63774967,0
.0588093513373478,1.9062698,1060,742,318,.69999999,.30000001,1.2744443,.68033016,1.8732734,.061332431,.2897692,.61480623,.47131795,.63752013,0
.0588126920561703,1.9062691,1060,742,318,.69999999,.30000001,1.2743858,.680314,1.8732318,.061338171,.28978196,.61480707,.471338,.63750583,0
.0589021186230728,1.9062487,1060,743,317,.70094341,.29905659,1.2729406,.67987478,1.8723162,.061464794,.29015523,.61483395,.47192454,.63708723,0
.059145231470179,1.9061959,1060,745,315,.7028302,.2971698,1.2689992,.67868012,1.8698045,.061813276,.29116884,.61490488,.47351846,.63595033,0
.0596526566734534,1.9060845,1060,746,314,.70377356,.29622641,1.2598592,.67618823,1.8631783,.062740505,.29302931,.61507618,.47641143,.63388902,0
.059703107553903,1.9060737,1060,747,313,.70471698,.29528302,1.2589493,.67594153,1.8625122,.06283433,.29321358,.61509252,.47669831,.63368475,0
.0601681382442113,1.9059772,1060,747,313,.70471698,.29528302,1.251071,.67364728,1.8571602,.063592561,.29504246,.61526245,.47953919,.63166362,0
.06019290751076,1.9059724,1060,748,312,.7056604,.29433963,1.2506493,.67352581,1.8568692,.063633993,.29513872,.61527145,.47968858,.6315574,0
.0606039347411093,1.9058943,1060,749,311,.70660377,.29339623,1.2436453,.67151201,1.8520075,.064329684,.29673177,.61542141,.4821603,.62980127,0
.0609971069644394,1.9058214,1060,751,309,.70849055,.29150942,1.2369378,.66963351,1.8471862,.065025799,.2982516,.61555749,.48452273,.62812477,0
.0616821638613181,1.9056979,1060,752,308,.70943397,.29056603,1.2251744,.66637331,1.8385706,.066285223,.30085558,.61579096,.48856771,.62525868,0
.0618861295227549,1.905661,1060,753,307,.71037734,.28962263,1.2216604,.66540402,1.8359677,.066669643,.3016195,.61585832,.48975468,.62441868,0
.0620866267885792,1.9056376,1060,753,307,.71037734,.28962263,1.217844,.66439366,1.8330157,.067107856,.30236024,.61595112,.49088347,.62362033,0
.0621428550461316,1.9056309,1060,754,306,.71132076,.28867924,1.2167737,.66411042,1.8321859,.067231461,.30256742,.61597675,.49119946,.62339693,0
.062233367673322,1.9056224,1060,756,304,.71320754,.28679246,1.2150048,.66365856,1.830768,.067443103,.30289197,.61601847,.49169305,.62304807,0
.0630347378932916,1.9055184,1060,756,304,.71320754,.28679246,1.20104,.65983897,1.8202016,.069037646,.30590233,.61635268,.49631059,.61978823,0
.0631143090398701,1.9055088,1060,757,303,.71415097,.28584906,1.1996499,.65946013,1.8191395,.069199637,.30619785,.61638463,.49676427,.61946833,0
.0635135555685372,1.9054605,1060,759,301,.71603775,.28396225,1.1925159,.65759921,1.8134387,.070074417,.30763125,.61654359,.49896109,.6179204,0
.0635481204991329,1.9054549,1060,759,301,.71603775,.28396225,1.1919435,.6574378,1.8130133,.070140041,.30776381,.616557,.49916524,.61777663,0
.0636754814878647,1.9054343,1060,760,300,.71698111,.28301886,1.1897925,.65684593,1.8113724,.070393711,.3082397,.61660761,.49989605,.61726213,0
.0638471869707083,1.9054074,1060,762,298,.7188679,.28113207,1.1868794,.6560483,1.8091342,.070740916,.30887789,.61667556,.50087583,.61657262,0
.0640031302304038,1.9053832,1060,762,298,.7188679,.28113207,1.1841838,.65533566,1.8069884,.071075141,.30944213,.6167385,.50173962,.61596501,0
.0641135436194382,1.9053662,1060,764,296,.72075474,.27924529,1.1822912,.65483397,1.8054823,.071310468,.30984566,.61678255,.50235796,.61553019,0
.0643293385950697,1.9053355,1060,764,296,.72075474,.27924529,1.1785386,.65383846,1.802492,.071779631,.31062841,.61687309,.50355321,.61469018,0
.064713451352271,1.9052511,1060,765,295,.72169811,.27830189,1.1719432,.65208268,1.797231,.072611198,.31193638,.61702794,.50554663,.61329031,0
.0648066162140571,1.9052316,1060,766,294,.72264153,.2773585,1.1703383,.65166271,1.7959263,.072818637,.31225106,.61706549,.50602579,.61295402,0
.0659330241877439,1.9049929,1060,767,293,.72358489,.27641508,1.1506189,.64662677,1.7794174,.075485706,.31590274,.61751747,.5115689,.60906965,0
.0660770308095991,1.9049634,1060,768,292,.72452831,.27547169,1.1480757,.64598018,1.7772616,.075839795,.31635883,.61757511,.51225972,.60858637,0
.0660896844544709,1.9049604,1060,770,290,.7264151,.2735849,1.1478659,.64592385,1.7770915,.075867787,.3164008,.61757994,.51232362,.60854167,0
.066157050525624,1.9049425,1060,771,289,.72735852,.27264151,1.1467797,.64562196,1.7762402,.076008029,.316627,.61760545,.51266867,.60830027,0
.0662906719761663,1.904907,1060,772,288,.72830188,.27169812,1.1445373,.64503533,1.7743793,.076315343,.31704861,.61765623,.51330912,.60785246,0
.0662960210778549,1.9049057,1060,773,287,.72924531,.27075472,1.1444472,.64501178,1.7743043,.076327741,.31706557,.61765826,.51333493,.60783446,0
.0663996165539103,1.9048793,1060,773,287,.72924531,.27075472,1.1426945,.64455986,1.7728291,.076572113,.31739122,.61769789,.51382923,.60748893,0
.066509702589943,1.9048516,1060,775,285,.73113209,.26886791,1.140833,.64408207,1.7712541,.076833718,.31773698,.61774051,.51435345,.60712254,0
.0671651201339251,1.904688,1060,775,285,.73113209,.26886791,1.1291106,.64123172,1.7608464,.078580789,.31959036,.61802012,.51711971,.60519099,0
.0676790263896253,1.9045638,1060,777,283,.73301888,.26698112,1.1202404,.63902849,1.7530367,.079912879,.32112819,.61823177,.5194301,.60357982,0
.0678201617616322,1.90453,1060,778,282,.73396224,.26603773,1.117662,.63842338,1.7506593,.080322027,.3215045,.61829185,.51998824,.6031909,0
.0683372947995369,1.9044216,1060,779,281,.73490566,.26509434,1.1084993,.63619113,1.7423997,.081756771,.32299665,.61851418,.52221382,.60164118,0
.0685045477101358,1.9043787,1060,780,280,.73584908,.26415095,1.105733,.63546747,1.7400309,.082172051,.32351801,.61858362,.52299803,.60109556,0
.068583727017817,1.9043611,1060,780,280,.73584908,.26415095,1.1044182,.63512379,1.7389022,.082370549,.32377073,.61861682,.52337843,.60083097,0
.0686414619780436,1.9043523,1060,782,278,.73773587,.26226416,1.1033565,.63485581,1.7379639,.082535833,.3239471,.61864859,.5236367,.60065132,0
.0687369236628056,1.9043381,1060,782,278,.73773587,.26226416,1.1016885,.63441145,1.736552,.08278507,.32426584,.61870176,.52410686,.60032445,0
.0696295795573446,1.9042248,1060,784,276,.73962265,.26037735,1.0857062,.63027245,1.7225982,.08528126,.32716501,.61919898,.52836812,.5973652,0
.0698635757330728,1.9041969,1060,784,276,.73962265,.26037735,1.0815564,.62919641,1.7189487,.085944079,.32792965,.61932826,.5294925,.59658551,0
.0702852772569578,1.9041451,1060,785,275,.74056602,.25943395,1.0741203,.6272521,1.712422,.087139837,.32932687,.61956048,.53154916,.59516048,0
.0703863549130737,1.9041317,1060,787,273,.74245286,.25754717,1.0723866,.62679118,1.7109153,.087417789,.32966867,.61961478,.53205425,.59481072,0
.0716405174353793,1.9039791,1060,788,272,.74339622,.25660378,1.0507053,.62106299,1.6917853,.091009423,.33388138,.62028164,.53827381,.59051204,0
.0716486872653996,1.9039779,1060,788,272,.74339622,.25660378,1.0505704,.62102586,1.6916693,.091031566,.33391008,.62028587,.53831643,.59048259,0
.071839498836532,1.9039521,1060,790,270,.74528301,.25471699,1.0474019,.62017775,1.6888738,.091566354,.33457527,.62038583,.53930193,.5898028,0
.0720676515779901,1.9039274,1060,790,270,.74528301,.25471699,1.0435888,.61916077,1.6854892,.092217192,.33537623,.62050396,.54049009,.58898365,0
.0722371214034318,1.9039097,1060,791,269,.74622643,.25377357,1.0407659,.61841923,1.6829455,.092708774,.33597356,.620592,.54137588,.58837336,0
.0723421480788433,1.9038999,1060,793,267,.74811321,.25188679,1.0390074,.61796486,1.6813374,.093020633,.33633935,.62064743,.54191697,.58800066,0
.0724219839521527,1.9038925,1060,794,266,.74905658,.25094339,1.037671,.61762184,1.6801074,.093259744,.33661702,.62069136,.54232597,.58771908,0
.0732610560276592,1.9037603,1060,794,266,.74905658,.25094339,1.02391,.61403787,1.6675032,.0957385,.33941615,.62113404,.54644591,.58488566,0
.073460125487882,1.9037323,1060,796,264,.75094342,.24905661,1.0206267,.61319149,1.6644502,.096346796,.34006515,.6212377,.5473994,.58423084,0
.0742290614028429,1.9036444,1060,797,263,.75188679,.24811321,1.0078176,.60991991,1.6523769,.098782718,.3425101,.62163436,.55098319,.58177263,0
.0742550155893833,1.9036417,1060,797,263,.75188679,.24811321,1.0073855,.60981178,1.6519613,.098867424,.3425912,.62164748,.55110198,.58169121,0
.0747182016778964,1.9035941,1060,799,261,.75377357,.24622642,1.0001529,.60794032,1.6451499,.10026423,.34419245,.6218791,.55347168,.58006853,0
.0748316156919114,1.9035795,1060,800,260,.75471699,.24528302,.99838513,.60748398,1.6434755,.10060999,.34457624,.62193447,.55403948,.57968003,0
.0750518269658723,1.9035511,1060,800,260,.75471699,.24528302,.99492437,.60662228,1.6401052,.10130884,.34530985,.62204164,.55512339,.57893878,0
.0765314101348358,1.9033418,1060,802,258,.75660378,.24339622,.97246176,.60087508,1.6184092,.1059009,.35031265,.62272698,.56254613,.57387447,0
.0769323648135831,1.9032981,1060,803,257,.75754714,.24245283,.96619421,.59934348,1.6120876,.10726951,.3515878,.62290746,.56443024,.57259238,0
.0772288614973412,1.9032648,1060,804,256,.75849056,.24150944,.96165043,.59821773,1.6075258,.10826585,.35254067,.62303948,.56584001,.57163399,0
.0776959181390182,1.9031831,1060,804,256,.75849056,.24150944,.95529282,.59642941,1.6016862,.10955194,.35420302,.62322956,.56833476,.56993979,0
.0777994593187031,1.9031653,1060,806,254,.76037735,.23962264,.95389032,.59604323,1.6003711,.10984325,.35457328,.62327123,.56889087,.56956244,0
.0780737907807505,1.9031148,1060,806,254,.76037735,.23962264,.95000684,.59503102,1.5965668,.11068936,.35548088,.6233812,.57024634,.56864321,0
.0780873684725566,1.9031123,1060,808,252,.76226413,.23773585,.94981134,.59498239,1.5963689,.11073351,.35552451,.6233868,.57031125,.56859922,0
.0784391226552501,1.9030472,1060,809,251,.76320755,.23679246,.94441295,.59372288,1.5906628,.11201265,.35652369,.62354481,.57176918,.56761134,0
.079047733554805,1.9029261,1060,810,250,.76415092,.23584905,.93545413,.59155393,1.5813504,.11412527,.35834569,.62381989,.57443774,.56580538,0
.0796384882100258,1.9028106,1060,810,250,.76415092,.23584905,.92653066,.58946025,1.5718288,.1163177,.36000171,.62409645,.57683665,.56418419,0
.0797730835594431,1.9027846,1060,811,249,.76509434,.23490566,.92452639,.58898932,1.5696827,.11681641,.36037999,.62415922,.57738471,.5638141,0
.0811397038513782,1.9025276,1060,813,247,.76698112,.23301888,.90387893,.58426267,1.547042,.12218064,.36402947,.62480444,.58262944,.56027871,0
.0813089265446999,1.9024972,1060,813,247,.76698112,.23301888,.90134859,.58368427,1.54424,.12285772,.36447665,.62488306,.5832718,.55984652,0
.0819666488861557,1.9023453,1060,814,246,.76792455,.23207547,.89155662,.58145052,1.533332,.12552151,.36610147,.62517881,.58559483,.55828464,0
.0823831040546521,1.9022509,1060,816,244,.76981133,.23018868,.88537329,.58002478,1.5264404,.12722754,.36711609,.62541062,.58700013,.5573408,0
.0825875433354649,1.9022053,1060,817,243,.77075469,.22924529,.8820942,.57933694,1.5225927,.12818792,.36751258,.62553024,.58752167,.55699068,0
.0829157924337802,1.9021286,1060,817,243,.77075469,.22924529,.87686038,.57823044,1.5164549,.12973151,.36813295,.62571841,.58833647,.55644399,0
.0835149960864583,1.9019696,1060,819,241,.77264148,.22735849,.86791611,.57623172,1.5061928,.1323446,.36938927,.62604624,.59003508,.55530512,0
.0841052541832311,1.9018188,1060,820,240,.7735849,.2264151,.85910004,.57426375,1.4960027,.13497958,.37059745,.62636238,.59166622,.55421257,0
.0847149096403656,1.9016633,1060,820,240,.7735849,.2264151,.84964764,.57231081,1.4845912,.13797836,.37166905,.62669396,.59306306,.55327773,0
.0854594943254179,1.9014533,1060,821,239,.77452832,.22547171,.83882362,.56993985,1.4717758,.14140715,.37312213,.62708515,.59501034,.55197591,0
.0854732805373042,1.9014494,1060,822,238,.77547169,.2245283,.83862334,.56989592,1.4715376,.14147146,.3731485,.62709224,.59504563,.5519523,0
.0858756034966105,1.9013467,1060,823,237,.77641511,.22358491,.83264858,.56861275,1.4643508,.14342347,.37389687,.62730306,.59603864,.55128902,0
.0865417722231158,1.9011899,1060,824,236,.77735847,.22264151,.82269883,.56651384,1.452213,.14676708,.37507805,.62766016,.59758145,.55025929,0
.0866231524571238,1.9011718,1060,826,234,.77924526,.22075471,.82148331,.56626165,1.4507133,.14718436,.37521654,.62770331,.59776098,.55013955,0
.0873008753983539,1.9010116,1060,826,234,.77924526,.22075471,.81173927,.56421608,1.4387028,.15055865,.37644085,.62805039,.59938008,.54906005,0
.0904205609258473,1.9003705,1060,827,233,.78018868,.21981132,.76711833,.55482733,1.3826253,.16709933,.38160324,.62955326,.60614926,.54455805,0
.0908801631866554,1.9002798,1060,828,232,.7811321,.21886793,.760535,.55345809,1.374151,.16971356,.38227049,.62975556,.60701406,.54398423,0
.0910451151387844,1.9002453,1060,829,231,.78207546,.21792454,.75826162,.55297714,1.371235,.17062016,.38252088,.62982517,.60734457,.54376501,0
.0918622353777244,1.90008,1060,831,229,.78396225,.21603774,.74717385,.55065888,1.3568724,.17513873,.38374183,.63016295,.60895652,.54269642,0
.0921165656560597,1.9000347,1060,832,228,.78490567,.21509434,.74374545,.54993594,1.3524219,.17655689,.38413376,.63026601,.60947877,.54235047,0
.0921991642725149,1.9000201,1060,833,227,.78584903,.21415095,.7426334,.54971433,1.3509443,.17702962,.38426152,.63029832,.60965025,.54223686,0
.092801560695158,1.8999145,1060,833,227,.78584903,.21415095,.73439956,.54821688,1.339615,.18068559,.38511732,.63053656,.61077708,.54149085,0
.0941248840031178,1.8997062,1060,835,225,.78773582,.21226415,.71642387,.54470253,1.3152571,.18873562,.38712174,.63119626,.61331439,.53981286,0
.0943010550665233,1.899678,1060,835,225,.78773582,.21226415,.71405518,.5442332,1.312039,.18981867,.38738543,.63128126,.61364949,.53959143,0
.0952456355596457,1.8995143,1060,836,224,.78867924,.21132076,.70139563,.54171705,1.2947639,.19571106,.38870135,.63173491,.61529189,.53850693,0
.0952937840096319,1.8995061,1060,838,222,.79056603,.20943396,.70074445,.54159445,1.2938546,.19602491,.38876393,.63175631,.61537009,.53845525,0
.0961697438388055,1.899361,1060,839,221,.79150945,.20849057,.68908626,.53941947,1.2774589,.20174721,.38988879,.63214248,.61677361,.53752941,0
.09625643061602,1.8993474,1060,839,221,.79150945,.20849057,.68793291,.5392037,1.2758312,.20232189,.38999969,.63217992,.61691248,.5374378,0
.0969409516879011,1.8992547,1060,840,220,.79245281,.20754717,.6786921,.53748834,1.2627103,.20699801,.39084628,.63247877,.61795956,.53674769,0
.0973684125691309,1.8991969,1060,841,219,.79339623,.20660378,.67286295,.53642929,1.2543367,.21002309,.39131221,.63266802,.61851114,.53638428,0
.097409810497691,1.8991934,1060,842,218,.7943396,.20566037,.67228705,.53632581,1.2535049,.21032533,.3913534,.63268661,.61855805,.53635335,0
.0978053408326528,1.8991593,1060,844,216,.79622644,.20377359,.66689825,.53536403,1.2456912,.21317984,.39175352,.63285917,.61902159,.53604805,0
.098112503409203,1.8991331,1060,844,216,.79622644,.20377359,.66268837,.53465807,1.2394621,.21547545,.39203969,.63298917,.61934656,.53583413,0
.0991107751624442,1.8990489,1060,845,215,.7971698,.2028302,.64886844,.53240812,1.2187425,.22323948,.39281729,.63341618,.62015671,.53530091,0
.0993542909023904,1.8990313,1060,846,214,.79811323,.20188679,.64556777,.53186572,1.2137796,.22512858,.39303538,.63351732,.62040198,.5351395,0
.0996761971880989,1.899009,1060,848,212,.80000001,.2,.64127272,.53116363,1.2072979,.22761297,.3933515,.63365012,.62077081,.53489685,0
.1003036765842769,1.8989736,1060,848,212,.80000001,.2,.63334429,.52983296,1.195366,.23223741,.39419591,.63388395,.62187392,.53417152,0
